tipo,stazione,letture,nota
anemo,TOS01001205,96,
anemo,TOS01001269,96,
anemo,TOS01004007,92,
anemo,TOS01004971,96,
anemo,TOS01005251,96,
anemo,TOS02000108,96,
anemo,TOS02000275,96,
anemo,TOS02000329,96,
anemo,TOS02000332,96,
anemo,TOS02000372,96,
anemo,TOS02004059,96,
anemo,TOS02004081,96,
anemo,TOS02004311,96,
anemo,TOS03000091,96,
anemo,TOS03000278,96,
anemo,TOS03000335,96,
anemo,TOS03000481,96,
anemo,TOS03000513,96,
anemo,TOS03001241,96,
anemo,TOS03001841,96,
anemo,TOS03001963,96,
anemo,TOS11000001,96,
anemo,TOS11000011,96,
anemo,TOS11000020,96,
anemo,TOS11000027,96,
anemo,TOS11000029,96,
anemo,TOS11000031,96,
anemo,TOS11000032,96,
anemo,TOS11000033,96,
anemo,TOS11000034,96,
anemo,TOS11000036,96,
anemo,TOS11000045,96,
anemo,TOS11000046,96,
anemo,TOS11000048,96,
anemo,TOS11000063,96,
anemo,TOS11000071,96,
anemo,TOS11000076,96,
anemo,TOS11000077,96,
anemo,TOS11000091,96,
anemo,TOS11000096,69,
anemo,TOS11000100,96,
anemo,TOS11000102,96,
anemo,TOS11000106,96,
anemo,TOS11000504,96,
anemo,TOS11000505,96,
anemo,TOS11000507,96,
anemo,TOS11000512,96,
igro,TOS01000056,96,
igro,TOS01001205,96,
igro,TOS01001263,96,
igro,TOS01001269,96,
igro,TOS01004007,92,
igro,TOS01004915,96,
igro,TOS01004971,96,
igro,TOS01005131,96,
igro,TOS01005251,96,
igro,TOS02000077,96,
igro,TOS02000081,95,
igro,TOS02000083,96,
igro,TOS02000108,96,
igro,TOS02000177,96,
igro,TOS02000221,96,
igro,TOS02000241,96,
igro,TOS02000281,96,
igro,TOS02000329,96,
igro,TOS02000332,96,
igro,TOS02000351,96,
igro,TOS02000359,96,
igro,TOS02000372,96,
igro,TOS02000431,96,
igro,TOS02004045,96,
igro,TOS02004059,96,
igro,TOS02004081,96,
igro,TOS02004115,96,
igro,TOS02004215,96,
igro,TOS02004231,96,
igro,TOS02004255,96,
igro,TOS02004311,96,
igro,TOS03000091,96,
igro,TOS03000278,96,
igro,TOS03000335,96,
igro,TOS03000481,96,
igro,TOS03000513,96,
igro,TOS03001241,96,
igro,TOS03001841,96,
igro,TOS03001963,96,
igro,TOS11000001,96,
igro,TOS11000011,96,
igro,TOS11000020,96,
igro,TOS11000027,96,
igro,TOS11000029,96,
igro,TOS11000031,96,
igro,TOS11000032,96,
igro,TOS11000033,96,
igro,TOS11000034,96,
igro,TOS11000036,96,
igro,TOS11000045,96,
igro,TOS11000046,96,
igro,TOS11000048,96,
igro,TOS11000049,96,
igro,TOS11000063,96,
igro,TOS11000071,96,
igro,TOS11000076,96,
igro,TOS11000077,96,
igro,TOS11000091,96,
igro,TOS11000092,96,
igro,TOS11000093,96,
igro,TOS11000094,96,
igro,TOS11000096,69,
igro,TOS11000097,96,
igro,TOS11000100,96,
igro,TOS11000102,96,
igro,TOS11000106,96,
igro,TOS11000504,96,
igro,TOS11000505,96,
igro,TOS11000507,96,
igro,TOS11000512,96,
pluvio,TOS01000056,95,
pluvio,TOS01001151,287,
pluvio,TOS01001161,95,
pluvio,TOS01001205,287,
pluvio,TOS01001253,95,
pluvio,TOS01001263,287,
pluvio,TOS01001269,95,
pluvio,TOS01001273,95,
pluvio,TOS01001371,95,
pluvio,TOS01001561,287,
pluvio,TOS01001601,287,
pluvio,TOS01001629,287,
pluvio,TOS01001634,287,
pluvio,TOS01001831,95,
pluvio,TOS01001889,287,
pluvio,TOS01004007,275,
pluvio,TOS01004811,95,
pluvio,TOS01004839,287,
pluvio,TOS01004915,285,
pluvio,TOS01004921,251,
pluvio,TOS01004941,287,
pluvio,TOS01004971,287,
pluvio,TOS01005005,287,
pluvio,TOS01005131,287,
pluvio,TOS01005181,287,
pluvio,TOS01005191,287,
pluvio,TOS01005251,287,
pluvio,TOS01005262,287,
pluvio,TOS01005342,287,
pluvio,TOS02000047,95,
pluvio,TOS02000064,94,
pluvio,TOS02000075,95,
pluvio,TOS02000077,95,
pluvio,TOS02000078,95,
pluvio,TOS02000079,287,
pluvio,TOS02000081,94,
pluvio,TOS02000083,95,
pluvio,TOS02000088,95,
pluvio,TOS02000108,287,
pluvio,TOS02000155,95,
pluvio,TOS02000161,95,
pluvio,TOS02000171,95,
pluvio,TOS02000177,287,
pluvio,TOS02000191,95,
pluvio,TOS02000203,95,
pluvio,TOS02000221,95,
pluvio,TOS02000241,17,
pluvio,TOS02000275,95,
pluvio,TOS02000281,95,
pluvio,TOS02000299,95,
pluvio,TOS02000329,95,
pluvio,TOS02000332,287,
pluvio,TOS02000339,95,
pluvio,TOS02000351,287,
pluvio,TOS02000359,95,
pluvio,TOS02000372,95,
pluvio,TOS02000401,95,
pluvio,TOS02000421,95,
pluvio,TOS02000431,287,
pluvio,TOS02000441,95,
pluvio,TOS02000483,95,
pluvio,TOS02000494,95,
pluvio,TOS02000515,95,
pluvio,TOS02004011,287,
pluvio,TOS02004045,287,
pluvio,TOS02004059,287,
pluvio,TOS02004081,287,
pluvio,TOS02004091,287,
pluvio,TOS02004115,287,
pluvio,TOS02004165,287,
pluvio,TOS02004195,287,
pluvio,TOS02004215,287,
pluvio,TOS02004231,95,
pluvio,TOS02004255,287,
pluvio,TOS02004271,287,
pluvio,TOS02004284,287,
pluvio,TOS02004286,287,
pluvio,TOS02004305,287,
pluvio,TOS02004311,287,
pluvio,TOS02004315,287,
pluvio,TOS02004365,287,
pluvio,TOS02004369,95,
pluvio,TOS03000091,287,
pluvio,TOS03000109,95,
pluvio,TOS03000278,287,
pluvio,TOS03000335,95,
pluvio,TOS03000481,95,
pluvio,TOS03000513,95,
pluvio,TOS03001241,287,
pluvio,TOS03001580,287,
pluvio,TOS03001802,95,
pluvio,TOS03001841,287,
pluvio,TOS03004003,95,
pluvio,TOS09000015,287,
pluvio,TOS09000021,287,
pluvio,TOS09001053,287,
pluvio,TOS09001088,95,
pluvio,TOS09001120,95,
pluvio,TOS09001130,94,
pluvio,TOS09001143,287,
pluvio,TOS09001160,287,
pluvio,TOS09001180,95,
pluvio,TOS09001200,95,
pluvio,TOS09001210,94,
pluvio,TOS09001220,95,
pluvio,TOS09001230,95,
pluvio,TOS11000001,95,
pluvio,TOS11000011,287,
pluvio,TOS11000020,95,
pluvio,TOS11000027,95,
pluvio,TOS11000029,287,
pluvio,TOS11000031,95,
pluvio,TOS11000032,95,
pluvio,TOS11000033,95,
pluvio,TOS11000034,95,
pluvio,TOS11000036,95,
pluvio,TOS11000045,95,
pluvio,TOS11000046,95,
pluvio,TOS11000048,95,
pluvio,TOS11000049,95,
pluvio,TOS11000063,95,
pluvio,TOS11000071,287,
pluvio,TOS11000076,95,
pluvio,TOS11000077,95,
pluvio,TOS11000091,95,
pluvio,TOS11000092,95,
pluvio,TOS11000093,95,
pluvio,TOS11000094,95,
pluvio,TOS11000096,68,
pluvio,TOS11000097,95,
pluvio,TOS11000100,95,
pluvio,TOS11000102,287,
pluvio,TOS11000106,95,
pluvio,TOS11000504,95,
pluvio,TOS11000505,95,
pluvio,TOS11000507,95,
pluvio,TOS11000512,95,
pluvio,TOS30150800,287,
pluvio,TOS30209600,287,
pluvio,TOS30290700,287,
pluvio,TOS30355400,287,
termo,TOS01000056,96,
termo,TOS01001205,288,
termo,TOS01001263,288,
termo,TOS01001269,96,
termo,TOS01001629,288,
termo,TOS01001831,96,
termo,TOS01001889,288,
termo,TOS01004007,276,
termo,TOS01004839,288,
termo,TOS01004915,286,
termo,TOS01004941,288,
termo,TOS01004971,288,
termo,TOS01005131,288,
termo,TOS01005181,288,
termo,TOS01005191,288,
termo,TOS01005251,288,
termo,TOS02000077,96,
termo,TOS02000081,95,
termo,TOS02000083,96,
termo,TOS02000108,288,
termo,TOS02000177,288,
termo,TOS02000221,96,
termo,TOS02000241,288,
termo,TOS02000281,96,
termo,TOS02000329,96,
termo,TOS02000332,288,
termo,TOS02000351,288,
termo,TOS02000359,96,
termo,TOS02000372,96,
termo,TOS02000431,288,
termo,TOS02004045,288,
termo,TOS02004059,288,
termo,TOS02004081,288,
termo,TOS02004115,288,
termo,TOS02004215,288,
termo,TOS02004231,96,
termo,TOS02004255,288,
termo,TOS02004311,288,
termo,TOS03000091,288,
termo,TOS03000278,288,
termo,TOS03000335,96,
termo,TOS03000481,96,
termo,TOS03000513,96,
termo,TOS03001241,288,
termo,TOS03001580,288,
termo,TOS03001841,288,
termo,TOS03001963,288,
termo,TOS09000021,288,
termo,TOS09001120,96,
termo,TOS09001130,95,
termo,TOS09001143,288,
termo,TOS09001160,288,
termo,TOS09001180,96,
termo,TOS09001200,96,
termo,TOS09001220,96,
termo,TOS09001230,96,
termo,TOS11000001,96,
termo,TOS11000011,288,
termo,TOS11000020,288,
termo,TOS11000027,96,
termo,TOS11000029,288,
termo,TOS11000031,96,
termo,TOS11000032,96,
termo,TOS11000033,96,
termo,TOS11000034,96,
termo,TOS11000036,96,
termo,TOS11000045,96,
termo,TOS11000046,96,
termo,TOS11000048,96,
termo,TOS11000049,96,
termo,TOS11000063,96,
termo,TOS11000071,288,
termo,TOS11000076,96,
termo,TOS11000077,96,
termo,TOS11000091,96,
termo,TOS11000092,96,
termo,TOS11000093,96,
termo,TOS11000094,96,
termo,TOS11000096,69,
termo,TOS11000097,96,
termo,TOS11000100,96,
termo,TOS11000102,288,
termo,TOS11000106,96,
termo,TOS11000504,96,
termo,TOS11000505,96,
termo,TOS11000507,96,
termo,TOS11000512,96,
termo,TOS30150800,96,
termo,TOS30290700,96,
