stazione,ora,mm
TOS01001161,2026-10-06T15:45,0.2
TOS01001161,2026-10-06T16:00,0.2
TOS01001161,2026-10-06T16:15,0.2
TOS01001161,2026-10-06T16:30,0.2
TOS01001161,2026-10-06T16:45,0.2
TOS01001161,2026-10-06T17:00,0.2
TOS01001161,2026-10-06T17:15,0.2
TOS01001161,2026-10-06T17:30,0.2
TOS01001161,2026-10-06T17:45,0.2
TOS01001161,2026-10-06T18:00,0.2
TOS01001161,2026-10-06T18:15,0.2
TOS01001161,2026-10-06T18:30,0.2
TOS01001161,2026-10-06T18:45,0.2
TOS01001161,2026-10-06T19:00,0.2
TOS01001161,2026-10-06T19:15,0.2
TOS01001161,2026-10-06T19:30,0.2
TOS01001161,2026-10-06T19:45,0.2
TOS01001161,2026-10-06T20:00,0.2
TOS01001161,2026-10-06T20:15,0.2
TOS01001161,2026-10-06T20:30,0.2
TOS01001161,2026-10-06T20:45,0.2
TOS01001161,2026-10-06T21:00,0.2
TOS01001161,2026-10-06T21:15,0.2
TOS01001161,2026-10-06T21:30,0.2
TOS01001161,2026-10-06T21:45,0.2
TOS01001161,2026-10-06T22:00,0.2
TOS01001161,2026-10-06T22:15,0.2
TOS01001161,2026-10-06T22:30,0.2
TOS01001161,2026-10-06T22:45,0.2
TOS01001161,2026-10-06T23:00,0.2
TOS01001161,2026-10-06T23:15,0.2
TOS01001161,2026-10-06T23:30,0.2
TOS01001161,2026-10-06T23:45,0.2
TOS02000047,2026-10-06T14:15,3.8
TOS02000047,2026-10-06T14:30,5.0
TOS02000047,2026-10-06T14:45,5.0
TOS02000047,2026-10-06T15:00,5.0
TOS02000047,2026-10-06T15:15,5.0
TOS02000047,2026-10-06T15:30,5.0
TOS02000047,2026-10-06T15:45,5.0
TOS02000047,2026-10-06T16:00,5.0
TOS02000047,2026-10-06T16:15,5.0
TOS02000047,2026-10-06T16:30,5.0
TOS02000047,2026-10-06T16:45,5.0
TOS02000047,2026-10-06T17:00,5.0
TOS02000047,2026-10-06T17:15,5.0
TOS02000047,2026-10-06T17:30,5.0
TOS02000047,2026-10-06T17:45,5.0
TOS02000047,2026-10-06T18:00,5.0
TOS02000047,2026-10-06T18:15,5.0
TOS02000047,2026-10-06T18:30,5.0
TOS02000047,2026-10-06T18:45,5.0
TOS02000047,2026-10-06T19:00,5.0
TOS02000047,2026-10-06T19:15,5.0
TOS02000047,2026-10-06T19:30,5.0
TOS02000047,2026-10-06T19:45,5.0
TOS02000047,2026-10-06T20:00,5.0
TOS02000047,2026-10-06T20:15,5.0
TOS02000047,2026-10-06T20:30,5.0
TOS02000047,2026-10-06T20:45,5.0
TOS02000047,2026-10-06T21:00,5.0
TOS02000047,2026-10-06T21:15,5.0
TOS02000047,2026-10-06T21:30,5.0
TOS02000047,2026-10-06T21:45,5.0
TOS02000047,2026-10-06T22:00,5.0
TOS02000047,2026-10-06T22:15,5.0
TOS02000047,2026-10-06T22:30,5.0
TOS02000047,2026-10-06T22:45,5.0
TOS02000047,2026-10-06T23:00,5.0
TOS02000047,2026-10-06T23:15,5.0
TOS02000047,2026-10-06T23:30,5.0
TOS02000047,2026-10-06T23:45,5.0
TOS02000081,2026-10-06T16:00,0.8
TOS02000081,2026-10-06T16:15,3.6
TOS02000081,2026-10-06T16:30,3.8
TOS02000081,2026-10-06T16:45,4.0
TOS02000081,2026-10-06T17:00,4.0
TOS02000081,2026-10-06T17:15,4.0
TOS02000081,2026-10-06T17:30,4.0
TOS02000081,2026-10-06T17:45,4.0
TOS02000081,2026-10-06T18:00,4.0
TOS02000081,2026-10-06T18:15,4.0
TOS02000081,2026-10-06T18:30,4.0
TOS02000081,2026-10-06T18:45,4.0
TOS02000081,2026-10-06T19:00,4.0
TOS02000081,2026-10-06T19:15,4.0
TOS02000081,2026-10-06T19:30,4.0
TOS02000081,2026-10-06T19:45,4.0
TOS02000081,2026-10-06T20:00,4.0
TOS02000081,2026-10-06T20:15,4.0
TOS02000081,2026-10-06T20:30,4.0
TOS02000081,2026-10-06T20:45,4.0
TOS02000081,2026-10-06T21:00,4.0
TOS02000081,2026-10-06T21:15,4.0
TOS02000081,2026-10-06T21:30,4.0
TOS02000081,2026-10-06T21:45,4.0
TOS02000081,2026-10-06T22:00,4.0
TOS02000081,2026-10-06T22:15,4.0
TOS02000081,2026-10-06T22:30,4.0
TOS02000081,2026-10-06T22:45,4.0
TOS02000081,2026-10-06T23:00,4.0
TOS02000081,2026-10-06T23:15,4.0
TOS02000081,2026-10-06T23:30,4.0
TOS02000081,2026-10-06T23:45,4.0
TOS02000155,2026-10-06T13:30,0.2
TOS02000155,2026-10-06T13:45,0.2
TOS02000155,2026-10-06T14:00,0.2
TOS02000155,2026-10-06T14:15,0.2
TOS02000155,2026-10-06T14:30,0.2
TOS02000155,2026-10-06T14:45,0.2
TOS02000155,2026-10-06T15:00,0.2
TOS02000155,2026-10-06T15:15,0.2
TOS02000155,2026-10-06T15:30,0.2
TOS02000155,2026-10-06T15:45,0.2
TOS02000155,2026-10-06T16:00,0.4
TOS02000155,2026-10-06T16:15,0.8
TOS02000155,2026-10-06T16:30,1.4
TOS02000155,2026-10-06T16:45,1.6
TOS02000155,2026-10-06T17:00,1.6
TOS02000155,2026-10-06T17:15,1.6
TOS02000155,2026-10-06T17:30,1.6
TOS02000155,2026-10-06T17:45,1.6
TOS02000155,2026-10-06T18:00,1.6
TOS02000155,2026-10-06T18:15,1.6
TOS02000155,2026-10-06T18:30,1.6
TOS02000155,2026-10-06T18:45,1.6
TOS02000155,2026-10-06T19:00,1.6
TOS02000155,2026-10-06T19:15,1.6
TOS02000155,2026-10-06T19:30,1.6
TOS02000155,2026-10-06T19:45,1.6
TOS02000155,2026-10-06T20:00,1.6
TOS02000155,2026-10-06T20:15,1.6
TOS02000155,2026-10-06T20:30,1.6
TOS02000155,2026-10-06T20:45,1.6
TOS02000155,2026-10-06T21:00,1.6
TOS02000155,2026-10-06T21:15,1.6
TOS02000155,2026-10-06T21:30,1.6
TOS02000155,2026-10-06T21:45,1.6
TOS02000155,2026-10-06T22:00,1.6
TOS02000155,2026-10-06T22:15,1.6
TOS02000155,2026-10-06T22:30,1.6
TOS02000155,2026-10-06T22:45,1.6
TOS02000155,2026-10-06T23:00,1.6
TOS02000155,2026-10-06T23:15,1.6
TOS02000155,2026-10-06T23:30,1.6
TOS02000155,2026-10-06T23:45,1.6
TOS02000161,2026-10-06T13:00,1.0
TOS02000161,2026-10-06T13:15,1.4
TOS02000161,2026-10-06T13:30,2.0
TOS02000161,2026-10-06T13:45,2.6
TOS02000161,2026-10-06T14:00,3.0
TOS02000161,2026-10-06T14:15,3.0
TOS02000161,2026-10-06T14:30,3.0
TOS02000161,2026-10-06T14:45,3.0
TOS02000161,2026-10-06T15:00,3.0
TOS02000161,2026-10-06T15:15,3.0
TOS02000161,2026-10-06T15:30,3.0
TOS02000161,2026-10-06T15:45,3.0
TOS02000161,2026-10-06T16:00,3.2
TOS02000161,2026-10-06T16:15,3.6
TOS02000161,2026-10-06T16:30,3.8
TOS02000161,2026-10-06T16:45,4.2
TOS02000161,2026-10-06T17:00,4.2
TOS02000161,2026-10-06T17:15,4.2
TOS02000161,2026-10-06T17:30,4.2
TOS02000161,2026-10-06T17:45,4.2
TOS02000161,2026-10-06T18:00,4.2
TOS02000161,2026-10-06T18:15,4.2
TOS02000161,2026-10-06T18:30,4.2
TOS02000161,2026-10-06T18:45,4.2
TOS02000161,2026-10-06T19:00,4.2
TOS02000161,2026-10-06T19:15,4.2
TOS02000161,2026-10-06T19:30,4.2
TOS02000161,2026-10-06T19:45,4.2
TOS02000161,2026-10-06T20:00,4.2
TOS02000161,2026-10-06T20:15,4.2
TOS02000161,2026-10-06T20:30,4.2
TOS02000161,2026-10-06T20:45,4.2
TOS02000161,2026-10-06T21:00,4.2
TOS02000161,2026-10-06T21:15,4.2
TOS02000161,2026-10-06T21:30,4.2
TOS02000161,2026-10-06T21:45,4.2
TOS02000161,2026-10-06T22:00,4.2
TOS02000161,2026-10-06T22:15,4.2
TOS02000161,2026-10-06T22:30,4.2
TOS02000161,2026-10-06T22:45,4.2
TOS02000161,2026-10-06T23:00,4.2
TOS02000161,2026-10-06T23:15,4.2
TOS02000161,2026-10-06T23:30,4.2
TOS02000161,2026-10-06T23:45,4.2
TOS02000171,2026-10-06T15:30,0.2
TOS02000171,2026-10-06T15:45,0.2
TOS02000171,2026-10-06T16:00,0.2
TOS02000171,2026-10-06T16:15,0.2
TOS02000171,2026-10-06T16:30,0.2
TOS02000171,2026-10-06T16:45,0.4
TOS02000171,2026-10-06T17:00,0.4
TOS02000171,2026-10-06T17:15,0.4
TOS02000171,2026-10-06T17:30,0.4
TOS02000171,2026-10-06T17:45,0.4
TOS02000171,2026-10-06T18:00,0.4
TOS02000171,2026-10-06T18:15,0.4
TOS02000171,2026-10-06T18:30,0.4
TOS02000171,2026-10-06T18:45,0.4
TOS02000171,2026-10-06T19:00,0.4
TOS02000171,2026-10-06T19:15,0.4
TOS02000171,2026-10-06T19:30,0.4
TOS02000171,2026-10-06T19:45,0.4
TOS02000171,2026-10-06T20:00,0.4
TOS02000171,2026-10-06T20:15,0.4
TOS02000171,2026-10-06T20:30,0.4
TOS02000171,2026-10-06T20:45,0.4
TOS02000171,2026-10-06T21:00,0.4
TOS02000171,2026-10-06T21:15,0.4
TOS02000171,2026-10-06T21:30,0.4
TOS02000171,2026-10-06T21:45,0.4
TOS02000171,2026-10-06T22:00,0.4
TOS02000171,2026-10-06T22:15,0.4
TOS02000171,2026-10-06T22:30,0.4
TOS02000171,2026-10-06T22:45,0.4
TOS02000171,2026-10-06T23:00,0.4
TOS02000171,2026-10-06T23:15,0.4
TOS02000171,2026-10-06T23:30,0.4
TOS02000171,2026-10-06T23:45,0.4
TOS02000177,2026-10-06T07:00,0.2
TOS02000177,2026-10-06T07:05,0.2
TOS02000177,2026-10-06T07:10,0.2
TOS02000177,2026-10-06T07:15,0.2
TOS02000177,2026-10-06T07:20,0.2
TOS02000177,2026-10-06T07:25,0.2
TOS02000177,2026-10-06T07:30,0.2
TOS02000177,2026-10-06T07:35,0.2
TOS02000177,2026-10-06T07:40,0.2
TOS02000177,2026-10-06T07:45,0.2
TOS02000177,2026-10-06T07:50,0.2
TOS02000177,2026-10-06T07:55,0.2
TOS02000177,2026-10-06T08:00,0.2
TOS02000177,2026-10-06T08:05,0.2
TOS02000177,2026-10-06T08:10,0.2
TOS02000177,2026-10-06T08:15,0.2
TOS02000177,2026-10-06T08:20,0.2
TOS02000177,2026-10-06T08:25,0.2
TOS02000177,2026-10-06T08:30,0.2
TOS02000177,2026-10-06T08:35,0.2
TOS02000177,2026-10-06T08:40,0.2
TOS02000177,2026-10-06T08:45,0.2
TOS02000177,2026-10-06T08:50,0.2
TOS02000177,2026-10-06T08:55,0.2
TOS02000177,2026-10-06T09:00,0.2
TOS02000177,2026-10-06T09:05,0.2
TOS02000177,2026-10-06T09:10,0.2
TOS02000177,2026-10-06T09:15,0.2
TOS02000177,2026-10-06T09:20,0.2
TOS02000177,2026-10-06T09:25,0.2
TOS02000177,2026-10-06T09:30,0.2
TOS02000177,2026-10-06T09:35,0.2
TOS02000177,2026-10-06T09:40,0.2
TOS02000177,2026-10-06T09:45,0.2
TOS02000177,2026-10-06T09:50,0.2
TOS02000177,2026-10-06T09:55,0.2
TOS02000177,2026-10-06T10:00,0.2
TOS02000177,2026-10-06T10:05,0.2
TOS02000177,2026-10-06T10:10,0.2
TOS02000177,2026-10-06T10:15,0.2
TOS02000177,2026-10-06T10:20,0.2
TOS02000177,2026-10-06T10:25,0.2
TOS02000177,2026-10-06T10:30,0.2
TOS02000177,2026-10-06T10:35,0.2
TOS02000177,2026-10-06T10:40,0.2
TOS02000177,2026-10-06T10:45,0.2
TOS02000177,2026-10-06T10:50,0.2
TOS02000177,2026-10-06T10:55,0.2
TOS02000177,2026-10-06T11:00,0.2
TOS02000177,2026-10-06T11:05,0.2
TOS02000177,2026-10-06T11:10,0.2
TOS02000177,2026-10-06T11:15,0.2
TOS02000177,2026-10-06T11:20,0.2
TOS02000177,2026-10-06T11:25,0.2
TOS02000177,2026-10-06T11:30,0.2
TOS02000177,2026-10-06T11:35,0.2
TOS02000177,2026-10-06T11:40,0.2
TOS02000177,2026-10-06T11:45,0.2
TOS02000177,2026-10-06T11:50,0.2
TOS02000177,2026-10-06T11:55,0.2
TOS02000177,2026-10-06T12:00,0.2
TOS02000177,2026-10-06T12:05,0.2
TOS02000177,2026-10-06T12:10,0.2
TOS02000177,2026-10-06T12:15,0.2
TOS02000177,2026-10-06T12:20,0.2
TOS02000177,2026-10-06T12:25,0.2
TOS02000177,2026-10-06T12:30,0.2
TOS02000177,2026-10-06T12:35,0.2
TOS02000177,2026-10-06T12:40,0.2
TOS02000177,2026-10-06T12:45,0.2
TOS02000177,2026-10-06T12:50,0.2
TOS02000177,2026-10-06T12:55,0.2
TOS02000177,2026-10-06T13:00,0.2
TOS02000177,2026-10-06T13:05,0.2
TOS02000177,2026-10-06T13:10,0.2
TOS02000177,2026-10-06T13:15,0.2
TOS02000177,2026-10-06T13:20,0.2
TOS02000177,2026-10-06T13:25,0.2
TOS02000177,2026-10-06T13:30,0.2
TOS02000177,2026-10-06T13:35,0.2
TOS02000177,2026-10-06T13:40,0.2
TOS02000177,2026-10-06T13:45,0.2
TOS02000177,2026-10-06T13:50,0.2
TOS02000177,2026-10-06T13:55,0.2
TOS02000177,2026-10-06T14:00,0.2
TOS02000177,2026-10-06T14:05,0.2
TOS02000177,2026-10-06T14:10,0.2
TOS02000177,2026-10-06T14:15,0.2
TOS02000177,2026-10-06T14:20,0.2
TOS02000177,2026-10-06T14:25,0.2
TOS02000177,2026-10-06T14:30,0.2
TOS02000177,2026-10-06T14:35,0.2
TOS02000177,2026-10-06T14:40,0.2
TOS02000177,2026-10-06T14:45,0.2
TOS02000177,2026-10-06T14:50,0.2
TOS02000177,2026-10-06T14:55,0.2
TOS02000177,2026-10-06T15:00,0.2
TOS02000177,2026-10-06T15:05,0.4
TOS02000177,2026-10-06T15:10,0.4
TOS02000177,2026-10-06T15:15,0.4
TOS02000177,2026-10-06T15:20,0.4
TOS02000177,2026-10-06T15:25,0.4
TOS02000177,2026-10-06T15:30,0.4
TOS02000177,2026-10-06T15:35,0.4
TOS02000177,2026-10-06T15:40,0.4
TOS02000177,2026-10-06T15:45,0.4
TOS02000177,2026-10-06T15:50,0.4
TOS02000177,2026-10-06T15:55,0.4
TOS02000177,2026-10-06T16:00,0.4
TOS02000177,2026-10-06T16:05,0.4
TOS02000177,2026-10-06T16:10,0.4
TOS02000177,2026-10-06T16:15,0.4
TOS02000177,2026-10-06T16:20,0.4
TOS02000177,2026-10-06T16:25,0.4
TOS02000177,2026-10-06T16:30,0.4
TOS02000177,2026-10-06T16:35,0.4
TOS02000177,2026-10-06T16:40,0.4
TOS02000177,2026-10-06T16:45,0.4
TOS02000177,2026-10-06T16:50,0.4
TOS02000177,2026-10-06T16:55,0.4
TOS02000177,2026-10-06T17:00,0.4
TOS02000177,2026-10-06T17:05,0.4
TOS02000177,2026-10-06T17:10,0.4
TOS02000177,2026-10-06T17:15,0.4
TOS02000177,2026-10-06T17:20,0.4
TOS02000177,2026-10-06T17:25,0.4
TOS02000177,2026-10-06T17:30,0.4
TOS02000177,2026-10-06T17:35,0.4
TOS02000177,2026-10-06T17:40,0.4
TOS02000177,2026-10-06T17:45,0.4
TOS02000177,2026-10-06T17:50,0.4
TOS02000177,2026-10-06T17:55,0.4
TOS02000177,2026-10-06T18:00,0.4
TOS02000177,2026-10-06T18:05,0.4
TOS02000177,2026-10-06T18:10,0.4
TOS02000177,2026-10-06T18:15,0.4
TOS02000177,2026-10-06T18:20,0.4
TOS02000177,2026-10-06T18:25,0.4
TOS02000177,2026-10-06T18:30,0.4
TOS02000177,2026-10-06T18:35,0.4
TOS02000177,2026-10-06T18:40,0.4
TOS02000177,2026-10-06T18:45,0.4
TOS02000177,2026-10-06T18:50,0.4
TOS02000177,2026-10-06T18:55,0.4
TOS02000177,2026-10-06T19:00,0.4
TOS02000177,2026-10-06T19:05,0.4
TOS02000177,2026-10-06T19:10,0.4
TOS02000177,2026-10-06T19:15,0.4
TOS02000177,2026-10-06T19:20,0.4
TOS02000177,2026-10-06T19:25,0.4
TOS02000177,2026-10-06T19:30,0.4
TOS02000177,2026-10-06T19:35,0.4
TOS02000177,2026-10-06T19:40,0.4
TOS02000177,2026-10-06T19:45,0.4
TOS02000177,2026-10-06T19:50,0.4
TOS02000177,2026-10-06T19:55,0.4
TOS02000177,2026-10-06T20:00,0.4
TOS02000177,2026-10-06T20:05,0.4
TOS02000177,2026-10-06T20:10,0.4
TOS02000177,2026-10-06T20:15,0.4
TOS02000177,2026-10-06T20:20,0.4
TOS02000177,2026-10-06T20:25,0.4
TOS02000177,2026-10-06T20:30,0.4
TOS02000177,2026-10-06T20:35,0.4
TOS02000177,2026-10-06T20:40,0.4
TOS02000177,2026-10-06T20:45,0.4
TOS02000177,2026-10-06T20:50,0.4
TOS02000177,2026-10-06T20:55,0.4
TOS02000177,2026-10-06T21:00,0.4
TOS02000177,2026-10-06T21:05,0.4
TOS02000177,2026-10-06T21:10,0.4
TOS02000177,2026-10-06T21:15,0.4
TOS02000177,2026-10-06T21:20,0.4
TOS02000177,2026-10-06T21:25,0.4
TOS02000177,2026-10-06T21:30,0.4
TOS02000177,2026-10-06T21:35,0.4
TOS02000177,2026-10-06T21:40,0.4
TOS02000177,2026-10-06T21:45,0.4
TOS02000177,2026-10-06T21:50,0.6
TOS02000177,2026-10-06T21:55,0.6
TOS02000177,2026-10-06T22:00,0.6
TOS02000177,2026-10-06T22:05,0.6
TOS02000177,2026-10-06T22:10,0.6
TOS02000177,2026-10-06T22:15,0.6
TOS02000177,2026-10-06T22:20,0.6
TOS02000177,2026-10-06T22:25,0.6
TOS02000177,2026-10-06T22:30,0.6
TOS02000177,2026-10-06T22:35,0.6
TOS02000177,2026-10-06T22:40,0.6
TOS02000177,2026-10-06T22:45,0.6
TOS02000177,2026-10-06T22:50,0.6
TOS02000177,2026-10-06T22:55,0.6
TOS02000177,2026-10-06T23:00,0.6
TOS02000177,2026-10-06T23:05,0.6
TOS02000177,2026-10-06T23:10,0.6
TOS02000177,2026-10-06T23:15,0.6
TOS02000177,2026-10-06T23:20,0.6
TOS02000177,2026-10-06T23:25,0.6
TOS02000177,2026-10-06T23:30,0.6
TOS02000177,2026-10-06T23:35,0.6
TOS02000177,2026-10-06T23:40,0.6
TOS02000177,2026-10-06T23:45,0.6
TOS02000177,2026-10-06T23:50,0.6
TOS02000177,2026-10-06T23:55,0.6
TOS02000191,2026-10-06T14:30,0.6
TOS02000191,2026-10-06T14:45,0.6
TOS02000191,2026-10-06T15:00,0.6
TOS02000191,2026-10-06T15:15,0.6
TOS02000191,2026-10-06T15:30,0.6
TOS02000191,2026-10-06T15:45,0.6
TOS02000191,2026-10-06T16:00,0.6
TOS02000191,2026-10-06T16:15,0.6
TOS02000191,2026-10-06T16:30,0.6
TOS02000191,2026-10-06T16:45,0.6
TOS02000191,2026-10-06T17:00,0.6
TOS02000191,2026-10-06T17:15,0.6
TOS02000191,2026-10-06T17:30,0.6
TOS02000191,2026-10-06T17:45,0.6
TOS02000191,2026-10-06T18:00,0.6
TOS02000191,2026-10-06T18:15,0.6
TOS02000191,2026-10-06T18:30,0.6
TOS02000191,2026-10-06T18:45,0.6
TOS02000191,2026-10-06T19:00,0.6
TOS02000191,2026-10-06T19:15,0.6
TOS02000191,2026-10-06T19:30,0.6
TOS02000191,2026-10-06T19:45,0.6
TOS02000191,2026-10-06T20:00,0.6
TOS02000191,2026-10-06T20:15,0.6
TOS02000191,2026-10-06T20:30,0.6
TOS02000191,2026-10-06T20:45,0.6
TOS02000191,2026-10-06T21:00,0.6
TOS02000191,2026-10-06T21:15,0.6
TOS02000191,2026-10-06T21:30,0.6
TOS02000191,2026-10-06T21:45,0.6
TOS02000191,2026-10-06T22:00,0.6
TOS02000191,2026-10-06T22:15,0.6
TOS02000191,2026-10-06T22:30,0.6
TOS02000191,2026-10-06T22:45,0.6
TOS02000191,2026-10-06T23:00,0.6
TOS02000191,2026-10-06T23:15,0.6
TOS02000191,2026-10-06T23:30,0.6
TOS02000191,2026-10-06T23:45,0.6
TOS02000221,2026-10-06T14:45,1.6
TOS02000221,2026-10-06T15:00,1.8
TOS02000221,2026-10-06T15:15,1.8
TOS02000221,2026-10-06T15:30,1.8
TOS02000221,2026-10-06T15:45,2.0
TOS02000221,2026-10-06T16:00,2.0
TOS02000221,2026-10-06T16:15,2.0
TOS02000221,2026-10-06T16:30,2.0
TOS02000221,2026-10-06T16:45,2.0
TOS02000221,2026-10-06T17:00,2.2
TOS02000221,2026-10-06T17:15,2.2
TOS02000221,2026-10-06T17:30,2.2
TOS02000221,2026-10-06T17:45,2.2
TOS02000221,2026-10-06T18:00,2.2
TOS02000221,2026-10-06T18:15,2.2
TOS02000221,2026-10-06T18:30,2.2
TOS02000221,2026-10-06T18:45,2.2
TOS02000221,2026-10-06T19:00,2.2
TOS02000221,2026-10-06T19:15,2.2
TOS02000221,2026-10-06T19:30,2.2
TOS02000221,2026-10-06T19:45,2.2
TOS02000221,2026-10-06T20:00,2.2
TOS02000221,2026-10-06T20:15,2.2
TOS02000221,2026-10-06T20:30,2.2
TOS02000221,2026-10-06T20:45,2.2
TOS02000221,2026-10-06T21:00,2.2
TOS02000221,2026-10-06T21:15,2.2
TOS02000221,2026-10-06T21:30,2.2
TOS02000221,2026-10-06T21:45,2.2
TOS02000221,2026-10-06T22:00,2.2
TOS02000221,2026-10-06T22:15,2.2
TOS02000221,2026-10-06T22:30,2.2
TOS02000221,2026-10-06T22:45,2.2
TOS02000221,2026-10-06T23:00,2.2
TOS02000221,2026-10-06T23:15,2.2
TOS02000221,2026-10-06T23:30,2.2
TOS02000221,2026-10-06T23:45,2.2
TOS02000275,2026-10-06T14:45,0.6
TOS02000275,2026-10-06T15:00,1.6
TOS02000275,2026-10-06T15:15,3.3
TOS02000275,2026-10-06T15:30,4.1
TOS02000275,2026-10-06T15:45,4.3
TOS02000275,2026-10-06T16:00,4.5
TOS02000275,2026-10-06T16:15,4.5
TOS02000275,2026-10-06T16:30,4.5
TOS02000275,2026-10-06T16:45,4.5
TOS02000275,2026-10-06T17:00,4.5
TOS02000275,2026-10-06T17:15,4.5
TOS02000275,2026-10-06T17:30,4.5
TOS02000275,2026-10-06T17:45,4.5
TOS02000275,2026-10-06T18:00,4.5
TOS02000275,2026-10-06T18:15,4.5
TOS02000275,2026-10-06T18:30,4.5
TOS02000275,2026-10-06T18:45,4.5
TOS02000275,2026-10-06T19:00,4.5
TOS02000275,2026-10-06T19:15,4.5
TOS02000275,2026-10-06T19:30,4.5
TOS02000275,2026-10-06T19:45,4.5
TOS02000275,2026-10-06T20:00,4.5
TOS02000275,2026-10-06T20:15,4.5
TOS02000275,2026-10-06T20:30,4.5
TOS02000275,2026-10-06T20:45,4.5
TOS02000275,2026-10-06T21:00,4.5
TOS02000275,2026-10-06T21:15,4.5
TOS02000275,2026-10-06T21:30,4.5
TOS02000275,2026-10-06T21:45,4.5
TOS02000275,2026-10-06T22:00,4.5
TOS02000275,2026-10-06T22:15,4.5
TOS02000275,2026-10-06T22:30,4.5
TOS02000275,2026-10-06T22:45,4.5
TOS02000275,2026-10-06T23:00,4.5
TOS02000275,2026-10-06T23:15,4.7
TOS02000275,2026-10-06T23:30,4.7
TOS02000275,2026-10-06T23:45,4.7
TOS02000359,2026-10-06T13:15,0.4
TOS02000359,2026-10-06T13:30,0.4
TOS02000359,2026-10-06T13:45,0.4
TOS02000359,2026-10-06T14:00,0.4
TOS02000359,2026-10-06T14:15,0.4
TOS02000359,2026-10-06T14:30,0.4
TOS02000359,2026-10-06T14:45,0.6
TOS02000359,2026-10-06T15:00,0.6
TOS02000359,2026-10-06T15:15,0.6
TOS02000359,2026-10-06T15:30,0.6
TOS02000359,2026-10-06T15:45,0.6
TOS02000359,2026-10-06T16:00,0.6
TOS02000359,2026-10-06T16:15,0.6
TOS02000359,2026-10-06T16:30,0.6
TOS02000359,2026-10-06T16:45,0.6
TOS02000359,2026-10-06T17:00,0.6
TOS02000359,2026-10-06T17:15,0.6
TOS02000359,2026-10-06T17:30,0.6
TOS02000359,2026-10-06T17:45,0.6
TOS02000359,2026-10-06T18:00,0.6
TOS02000359,2026-10-06T18:15,0.6
TOS02000359,2026-10-06T18:30,0.6
TOS02000359,2026-10-06T18:45,0.6
TOS02000359,2026-10-06T19:00,0.6
TOS02000359,2026-10-06T19:15,0.6
TOS02000359,2026-10-06T19:30,0.6
TOS02000359,2026-10-06T19:45,0.6
TOS02000359,2026-10-06T20:00,0.6
TOS02000359,2026-10-06T20:15,0.6
TOS02000359,2026-10-06T20:30,0.6
TOS02000359,2026-10-06T20:45,0.6
TOS02000359,2026-10-06T21:00,0.6
TOS02000359,2026-10-06T21:15,0.6
TOS02000359,2026-10-06T21:30,0.6
TOS02000359,2026-10-06T21:45,0.6
TOS02000359,2026-10-06T22:00,0.6
TOS02000359,2026-10-06T22:15,0.6
TOS02000359,2026-10-06T22:30,0.6
TOS02000359,2026-10-06T22:45,0.6
TOS02000359,2026-10-06T23:00,0.6
TOS02000359,2026-10-06T23:15,0.6
TOS02000359,2026-10-06T23:30,0.6
TOS02000359,2026-10-06T23:45,0.6
TOS02000372,2026-10-06T13:15,0.2
TOS02000372,2026-10-06T13:30,0.8
TOS02000372,2026-10-06T13:45,1.2
TOS02000372,2026-10-06T14:00,1.2
TOS02000372,2026-10-06T14:15,1.4
TOS02000372,2026-10-06T14:30,1.6
TOS02000372,2026-10-06T14:45,2.0
TOS02000372,2026-10-06T15:00,2.2
TOS02000372,2026-10-06T15:15,2.6
TOS02000372,2026-10-06T15:30,2.8
TOS02000372,2026-10-06T15:45,2.8
TOS02000372,2026-10-06T16:00,2.8
TOS02000372,2026-10-06T16:15,2.8
TOS02000372,2026-10-06T16:30,2.8
TOS02000372,2026-10-06T16:45,2.8
TOS02000372,2026-10-06T17:00,2.8
TOS02000372,2026-10-06T17:15,2.8
TOS02000372,2026-10-06T17:30,2.8
TOS02000372,2026-10-06T17:45,2.8
TOS02000372,2026-10-06T18:00,2.8
TOS02000372,2026-10-06T18:15,2.8
TOS02000372,2026-10-06T18:30,2.8
TOS02000372,2026-10-06T18:45,2.8
TOS02000372,2026-10-06T19:00,2.8
TOS02000372,2026-10-06T19:15,2.8
TOS02000372,2026-10-06T19:30,2.8
TOS02000372,2026-10-06T19:45,2.8
TOS02000372,2026-10-06T20:00,2.8
TOS02000372,2026-10-06T20:15,2.8
TOS02000372,2026-10-06T20:30,2.8
TOS02000372,2026-10-06T20:45,2.8
TOS02000372,2026-10-06T21:00,2.8
TOS02000372,2026-10-06T21:15,2.8
TOS02000372,2026-10-06T21:30,2.8
TOS02000372,2026-10-06T21:45,2.8
TOS02000372,2026-10-06T22:00,2.8
TOS02000372,2026-10-06T22:15,2.8
TOS02000372,2026-10-06T22:30,2.8
TOS02000372,2026-10-06T22:45,2.8
TOS02000372,2026-10-06T23:00,2.8
TOS02000372,2026-10-06T23:15,2.8
TOS02000372,2026-10-06T23:30,2.8
TOS02000372,2026-10-06T23:45,2.8
TOS02000401,2026-10-06T14:15,1.0
TOS02000401,2026-10-06T14:30,3.2
TOS02000401,2026-10-06T14:45,4.0
TOS02000401,2026-10-06T15:00,4.2
TOS02000401,2026-10-06T15:15,4.4
TOS02000401,2026-10-06T15:30,4.4
TOS02000401,2026-10-06T15:45,4.4
TOS02000401,2026-10-06T16:00,4.4
TOS02000401,2026-10-06T16:15,4.4
TOS02000401,2026-10-06T16:30,4.4
TOS02000401,2026-10-06T16:45,4.4
TOS02000401,2026-10-06T17:00,4.4
TOS02000401,2026-10-06T17:15,4.4
TOS02000401,2026-10-06T17:30,4.4
TOS02000401,2026-10-06T17:45,4.4
TOS02000401,2026-10-06T18:00,4.4
TOS02000401,2026-10-06T18:15,4.4
TOS02000401,2026-10-06T18:30,4.4
TOS02000401,2026-10-06T18:45,4.4
TOS02000401,2026-10-06T19:00,4.4
TOS02000401,2026-10-06T19:15,4.4
TOS02000401,2026-10-06T19:30,4.4
TOS02000401,2026-10-06T19:45,4.4
TOS02000401,2026-10-06T20:00,4.4
TOS02000401,2026-10-06T20:15,4.4
TOS02000401,2026-10-06T20:30,4.4
TOS02000401,2026-10-06T20:45,4.4
TOS02000401,2026-10-06T21:00,4.4
TOS02000401,2026-10-06T21:15,4.4
TOS02000401,2026-10-06T21:30,4.4
TOS02000401,2026-10-06T21:45,4.4
TOS02000401,2026-10-06T22:00,4.4
TOS02000401,2026-10-06T22:15,4.4
TOS02000401,2026-10-06T22:30,4.4
TOS02000401,2026-10-06T22:45,4.4
TOS02000401,2026-10-06T23:00,4.4
TOS02000401,2026-10-06T23:15,4.4
TOS02000401,2026-10-06T23:30,4.4
TOS02000401,2026-10-06T23:45,4.4
TOS02000421,2026-10-06T14:45,0.8
TOS02000421,2026-10-06T15:00,1.6
TOS02000421,2026-10-06T15:15,2.4
TOS02000421,2026-10-06T15:30,2.4
TOS02000421,2026-10-06T15:45,2.4
TOS02000421,2026-10-06T16:00,2.4
TOS02000421,2026-10-06T16:15,2.4
TOS02000421,2026-10-06T16:30,2.4
TOS02000421,2026-10-06T16:45,2.4
TOS02000421,2026-10-06T17:00,2.4
TOS02000421,2026-10-06T17:15,2.4
TOS02000421,2026-10-06T17:30,2.4
TOS02000421,2026-10-06T17:45,2.4
TOS02000421,2026-10-06T18:00,2.4
TOS02000421,2026-10-06T18:15,2.4
TOS02000421,2026-10-06T18:30,2.4
TOS02000421,2026-10-06T18:45,2.4
TOS02000421,2026-10-06T19:00,2.4
TOS02000421,2026-10-06T19:15,2.4
TOS02000421,2026-10-06T19:30,2.4
TOS02000421,2026-10-06T19:45,2.4
TOS02000421,2026-10-06T20:00,2.4
TOS02000421,2026-10-06T20:15,2.4
TOS02000421,2026-10-06T20:30,2.4
TOS02000421,2026-10-06T20:45,2.4
TOS02000421,2026-10-06T21:00,2.4
TOS02000421,2026-10-06T21:15,2.4
TOS02000421,2026-10-06T21:30,2.4
TOS02000421,2026-10-06T21:45,2.4
TOS02000421,2026-10-06T22:00,2.4
TOS02000421,2026-10-06T22:15,2.4
TOS02000421,2026-10-06T22:30,2.4
TOS02000421,2026-10-06T22:45,2.4
TOS02000421,2026-10-06T23:00,2.4
TOS02000421,2026-10-06T23:15,2.4
TOS02000421,2026-10-06T23:30,2.4
TOS02000421,2026-10-06T23:45,2.4
TOS02000431,2026-10-06T14:05,0.6
TOS02000431,2026-10-06T14:10,0.6
TOS02000431,2026-10-06T14:15,1.0
TOS02000431,2026-10-06T14:20,1.4
TOS02000431,2026-10-06T14:25,2.0
TOS02000431,2026-10-06T14:30,2.6
TOS02000431,2026-10-06T14:35,3.4
TOS02000431,2026-10-06T14:40,3.6
TOS02000431,2026-10-06T14:45,3.8
TOS02000431,2026-10-06T14:50,4.0
TOS02000431,2026-10-06T14:55,4.2
TOS02000431,2026-10-06T15:00,4.4
TOS02000431,2026-10-06T15:05,4.4
TOS02000431,2026-10-06T15:10,4.4
TOS02000431,2026-10-06T15:15,4.4
TOS02000431,2026-10-06T15:20,4.4
TOS02000431,2026-10-06T15:25,4.4
TOS02000431,2026-10-06T15:30,4.4
TOS02000431,2026-10-06T15:35,4.4
TOS02000431,2026-10-06T15:40,4.4
TOS02000431,2026-10-06T15:45,4.4
TOS02000431,2026-10-06T15:50,4.4
TOS02000431,2026-10-06T15:55,4.4
TOS02000431,2026-10-06T16:00,4.4
TOS02000431,2026-10-06T16:05,4.4
TOS02000431,2026-10-06T16:10,4.4
TOS02000431,2026-10-06T16:15,4.4
TOS02000431,2026-10-06T16:20,4.4
TOS02000431,2026-10-06T16:25,4.4
TOS02000431,2026-10-06T16:30,4.4
TOS02000431,2026-10-06T16:35,4.4
TOS02000431,2026-10-06T16:40,4.4
TOS02000431,2026-10-06T16:45,4.4
TOS02000431,2026-10-06T16:50,4.4
TOS02000431,2026-10-06T16:55,4.4
TOS02000431,2026-10-06T17:00,4.4
TOS02000431,2026-10-06T17:05,4.4
TOS02000431,2026-10-06T17:10,4.4
TOS02000431,2026-10-06T17:15,4.4
TOS02000431,2026-10-06T17:20,4.4
TOS02000431,2026-10-06T17:25,4.4
TOS02000431,2026-10-06T17:30,4.4
TOS02000431,2026-10-06T17:35,4.4
TOS02000431,2026-10-06T17:40,4.4
TOS02000431,2026-10-06T17:45,4.4
TOS02000431,2026-10-06T17:50,4.4
TOS02000431,2026-10-06T17:55,4.4
TOS02000431,2026-10-06T18:00,4.4
TOS02000431,2026-10-06T18:05,4.4
TOS02000431,2026-10-06T18:10,4.4
TOS02000431,2026-10-06T18:15,4.4
TOS02000431,2026-10-06T18:20,4.4
TOS02000431,2026-10-06T18:25,4.4
TOS02000431,2026-10-06T18:30,4.4
TOS02000431,2026-10-06T18:35,4.4
TOS02000431,2026-10-06T18:40,4.4
TOS02000431,2026-10-06T18:45,4.4
TOS02000431,2026-10-06T18:50,4.4
TOS02000431,2026-10-06T18:55,4.4
TOS02000431,2026-10-06T19:00,4.4
TOS02000431,2026-10-06T19:05,4.4
TOS02000431,2026-10-06T19:10,4.4
TOS02000431,2026-10-06T19:15,4.4
TOS02000431,2026-10-06T19:20,4.4
TOS02000431,2026-10-06T19:25,4.4
TOS02000431,2026-10-06T19:30,4.4
TOS02000431,2026-10-06T19:35,4.4
TOS02000431,2026-10-06T19:40,4.4
TOS02000431,2026-10-06T19:45,4.4
TOS02000431,2026-10-06T19:50,4.4
TOS02000431,2026-10-06T19:55,4.4
TOS02000431,2026-10-06T20:00,4.4
TOS02000431,2026-10-06T20:05,4.4
TOS02000431,2026-10-06T20:10,4.4
TOS02000431,2026-10-06T20:15,4.4
TOS02000431,2026-10-06T20:20,4.4
TOS02000431,2026-10-06T20:25,4.4
TOS02000431,2026-10-06T20:30,4.4
TOS02000431,2026-10-06T20:35,4.4
TOS02000431,2026-10-06T20:40,4.4
TOS02000431,2026-10-06T20:45,4.4
TOS02000431,2026-10-06T20:50,4.4
TOS02000431,2026-10-06T20:55,4.4
TOS02000431,2026-10-06T21:00,4.4
TOS02000431,2026-10-06T21:05,4.4
TOS02000431,2026-10-06T21:10,4.4
TOS02000431,2026-10-06T21:15,4.4
TOS02000431,2026-10-06T21:20,4.4
TOS02000431,2026-10-06T21:25,4.4
TOS02000431,2026-10-06T21:30,4.4
TOS02000431,2026-10-06T21:35,4.4
TOS02000431,2026-10-06T21:40,4.4
TOS02000431,2026-10-06T21:45,4.4
TOS02000431,2026-10-06T21:50,4.4
TOS02000431,2026-10-06T21:55,4.4
TOS02000431,2026-10-06T22:00,4.4
TOS02000431,2026-10-06T22:05,4.4
TOS02000431,2026-10-06T22:10,4.4
TOS02000431,2026-10-06T22:15,4.4
TOS02000431,2026-10-06T22:20,4.4
TOS02000431,2026-10-06T22:25,4.4
TOS02000431,2026-10-06T22:30,4.4
TOS02000431,2026-10-06T22:35,4.4
TOS02000431,2026-10-06T22:40,4.4
TOS02000431,2026-10-06T22:45,4.4
TOS02000431,2026-10-06T22:50,4.4
TOS02000431,2026-10-06T22:55,4.4
TOS02000431,2026-10-06T23:00,4.4
TOS02000431,2026-10-06T23:05,4.4
TOS02000431,2026-10-06T23:10,4.4
TOS02000431,2026-10-06T23:15,4.4
TOS02000431,2026-10-06T23:20,4.4
TOS02000431,2026-10-06T23:25,4.4
TOS02000431,2026-10-06T23:30,4.4
TOS02000431,2026-10-06T23:35,4.4
TOS02000431,2026-10-06T23:40,4.4
TOS02000431,2026-10-06T23:45,4.4
TOS02000431,2026-10-06T23:50,4.4
TOS02000431,2026-10-06T23:55,4.4
TOS02004215,2026-10-06T13:50,0.2
TOS02004215,2026-10-06T13:55,0.4
TOS02004215,2026-10-06T14:00,0.6
TOS02004215,2026-10-06T14:05,0.6
TOS02004215,2026-10-06T14:10,0.8
TOS02004215,2026-10-06T14:15,1.0
TOS02004215,2026-10-06T14:20,1.2
TOS02004215,2026-10-06T14:25,1.6
TOS02004215,2026-10-06T14:30,1.6
TOS02004215,2026-10-06T14:35,1.8
TOS02004215,2026-10-06T14:40,1.8
TOS02004215,2026-10-06T14:45,1.8
TOS02004215,2026-10-06T14:50,2.0
TOS02004215,2026-10-06T14:55,2.0
TOS02004215,2026-10-06T15:00,2.2
TOS02004215,2026-10-06T15:05,2.2
TOS02004215,2026-10-06T15:10,2.4
TOS02004215,2026-10-06T15:15,2.4
TOS02004215,2026-10-06T15:20,2.4
TOS02004215,2026-10-06T15:25,2.4
TOS02004215,2026-10-06T15:30,2.4
TOS02004215,2026-10-06T15:35,2.4
TOS02004215,2026-10-06T15:40,2.4
TOS02004215,2026-10-06T15:45,2.4
TOS02004215,2026-10-06T15:50,2.4
TOS02004215,2026-10-06T15:55,2.4
TOS02004215,2026-10-06T16:00,2.4
TOS02004215,2026-10-06T16:05,2.4
TOS02004215,2026-10-06T16:10,2.4
TOS02004215,2026-10-06T16:15,2.4
TOS02004215,2026-10-06T16:20,2.4
TOS02004215,2026-10-06T16:25,2.4
TOS02004215,2026-10-06T16:30,2.4
TOS02004215,2026-10-06T16:35,2.4
TOS02004215,2026-10-06T16:40,2.4
TOS02004215,2026-10-06T16:45,2.4
TOS02004215,2026-10-06T16:50,2.4
TOS02004215,2026-10-06T16:55,2.4
TOS02004215,2026-10-06T17:00,2.4
TOS02004215,2026-10-06T17:05,2.4
TOS02004215,2026-10-06T17:10,2.4
TOS02004215,2026-10-06T17:15,2.4
TOS02004215,2026-10-06T17:20,2.4
TOS02004215,2026-10-06T17:25,2.4
TOS02004215,2026-10-06T17:30,2.4
TOS02004215,2026-10-06T17:35,2.4
TOS02004215,2026-10-06T17:40,2.4
TOS02004215,2026-10-06T17:45,2.4
TOS02004215,2026-10-06T17:50,2.4
TOS02004215,2026-10-06T17:55,2.4
TOS02004215,2026-10-06T18:00,2.4
TOS02004215,2026-10-06T18:05,2.4
TOS02004215,2026-10-06T18:10,2.4
TOS02004215,2026-10-06T18:15,2.4
TOS02004215,2026-10-06T18:20,2.4
TOS02004215,2026-10-06T18:25,2.4
TOS02004215,2026-10-06T18:30,2.4
TOS02004215,2026-10-06T18:35,2.4
TOS02004215,2026-10-06T18:40,2.4
TOS02004215,2026-10-06T18:45,2.4
TOS02004215,2026-10-06T18:50,2.4
TOS02004215,2026-10-06T18:55,2.4
TOS02004215,2026-10-06T19:00,2.4
TOS02004215,2026-10-06T19:05,2.4
TOS02004215,2026-10-06T19:10,2.4
TOS02004215,2026-10-06T19:15,2.4
TOS02004215,2026-10-06T19:20,2.4
TOS02004215,2026-10-06T19:25,2.4
TOS02004215,2026-10-06T19:30,2.4
TOS02004215,2026-10-06T19:35,2.4
TOS02004215,2026-10-06T19:40,2.4
TOS02004215,2026-10-06T19:45,2.4
TOS02004215,2026-10-06T19:50,2.4
TOS02004215,2026-10-06T19:55,2.4
TOS02004215,2026-10-06T20:00,2.4
TOS02004215,2026-10-06T20:05,2.4
TOS02004215,2026-10-06T20:10,2.4
TOS02004215,2026-10-06T20:15,2.4
TOS02004215,2026-10-06T20:20,2.4
TOS02004215,2026-10-06T20:25,2.4
TOS02004215,2026-10-06T20:30,2.4
TOS02004215,2026-10-06T20:35,2.4
TOS02004215,2026-10-06T20:40,2.4
TOS02004215,2026-10-06T20:45,2.4
TOS02004215,2026-10-06T20:50,2.4
TOS02004215,2026-10-06T20:55,2.4
TOS02004215,2026-10-06T21:00,2.4
TOS02004215,2026-10-06T21:05,2.4
TOS02004215,2026-10-06T21:10,2.4
TOS02004215,2026-10-06T21:15,2.4
TOS02004215,2026-10-06T21:20,2.4
TOS02004215,2026-10-06T21:25,2.4
TOS02004215,2026-10-06T21:30,2.4
TOS02004215,2026-10-06T21:35,2.4
TOS02004215,2026-10-06T21:40,2.4
TOS02004215,2026-10-06T21:45,2.4
TOS02004215,2026-10-06T21:50,2.4
TOS02004215,2026-10-06T21:55,2.4
TOS02004215,2026-10-06T22:00,2.4
TOS02004215,2026-10-06T22:05,2.4
TOS02004215,2026-10-06T22:10,2.4
TOS02004215,2026-10-06T22:15,2.4
TOS02004215,2026-10-06T22:20,2.4
TOS02004215,2026-10-06T22:25,2.4
TOS02004215,2026-10-06T22:30,2.4
TOS02004215,2026-10-06T22:35,2.4
TOS02004215,2026-10-06T22:40,2.4
TOS02004215,2026-10-06T22:45,2.4
TOS02004215,2026-10-06T22:50,2.4
TOS02004215,2026-10-06T22:55,2.4
TOS02004215,2026-10-06T23:00,2.4
TOS02004215,2026-10-06T23:05,2.4
TOS02004215,2026-10-06T23:10,2.4
TOS02004215,2026-10-06T23:15,2.4
TOS02004215,2026-10-06T23:20,2.4
TOS02004215,2026-10-06T23:25,2.4
TOS02004215,2026-10-06T23:30,2.4
TOS02004215,2026-10-06T23:35,2.4
TOS02004215,2026-10-06T23:40,2.4
TOS02004215,2026-10-06T23:45,2.4
TOS02004215,2026-10-06T23:50,2.4
TOS02004215,2026-10-06T23:55,2.4
TOS02004231,2026-10-06T14:15,0.4
TOS02004231,2026-10-06T14:30,1.4
TOS02004231,2026-10-06T14:45,1.8
TOS02004231,2026-10-06T15:00,1.8
TOS02004231,2026-10-06T15:15,1.8
TOS02004231,2026-10-06T15:30,1.8
TOS02004231,2026-10-06T15:45,1.8
TOS02004231,2026-10-06T16:00,1.8
TOS02004231,2026-10-06T16:15,1.8
TOS02004231,2026-10-06T16:30,1.8
TOS02004231,2026-10-06T16:45,1.8
TOS02004231,2026-10-06T17:00,1.8
TOS02004231,2026-10-06T17:15,1.8
TOS02004231,2026-10-06T17:30,1.8
TOS02004231,2026-10-06T17:45,1.8
TOS02004231,2026-10-06T18:00,1.8
TOS02004231,2026-10-06T18:15,1.8
TOS02004231,2026-10-06T18:30,1.8
TOS02004231,2026-10-06T18:45,1.8
TOS02004231,2026-10-06T19:00,1.8
TOS02004231,2026-10-06T19:15,1.8
TOS02004231,2026-10-06T19:30,1.8
TOS02004231,2026-10-06T19:45,1.8
TOS02004231,2026-10-06T20:00,1.8
TOS02004231,2026-10-06T20:15,1.8
TOS02004231,2026-10-06T20:30,1.8
TOS02004231,2026-10-06T20:45,1.8
TOS02004231,2026-10-06T21:00,1.8
TOS02004231,2026-10-06T21:15,1.8
TOS02004231,2026-10-06T21:30,1.8
TOS02004231,2026-10-06T21:45,1.8
TOS02004231,2026-10-06T22:00,1.8
TOS02004231,2026-10-06T22:15,1.8
TOS02004231,2026-10-06T22:30,1.8
TOS02004231,2026-10-06T22:45,1.8
TOS02004231,2026-10-06T23:00,1.8
TOS02004231,2026-10-06T23:15,1.8
TOS02004231,2026-10-06T23:30,1.8
TOS02004231,2026-10-06T23:45,1.8
TOS03001241,2026-10-06T15:05,1.2
TOS03001241,2026-10-06T15:10,1.8
TOS03001241,2026-10-06T15:15,3.0
TOS03001241,2026-10-06T15:20,3.6
TOS03001241,2026-10-06T15:25,3.8
TOS03001241,2026-10-06T15:30,3.8
TOS03001241,2026-10-06T15:35,3.8
TOS03001241,2026-10-06T15:40,3.8
TOS03001241,2026-10-06T15:45,3.8
TOS03001241,2026-10-06T15:50,3.8
TOS03001241,2026-10-06T15:55,3.8
TOS03001241,2026-10-06T16:00,3.8
TOS03001241,2026-10-06T16:05,3.8
TOS03001241,2026-10-06T16:10,3.8
TOS03001241,2026-10-06T16:15,3.8
TOS03001241,2026-10-06T16:20,3.8
TOS03001241,2026-10-06T16:25,3.8
TOS03001241,2026-10-06T16:30,3.8
TOS03001241,2026-10-06T16:35,3.8
TOS03001241,2026-10-06T16:40,3.8
TOS03001241,2026-10-06T16:45,3.8
TOS03001241,2026-10-06T16:50,3.8
TOS03001241,2026-10-06T16:55,3.8
TOS03001241,2026-10-06T17:00,3.8
TOS03001241,2026-10-06T17:05,3.8
TOS03001241,2026-10-06T17:10,3.8
TOS03001241,2026-10-06T17:15,3.8
TOS03001241,2026-10-06T17:20,3.8
TOS03001241,2026-10-06T17:25,3.8
TOS03001241,2026-10-06T17:30,3.8
TOS03001241,2026-10-06T17:35,3.8
TOS03001241,2026-10-06T17:40,3.8
TOS03001241,2026-10-06T17:45,3.8
TOS03001241,2026-10-06T17:50,3.8
TOS03001241,2026-10-06T17:55,3.8
TOS03001241,2026-10-06T18:00,3.8
TOS03001241,2026-10-06T18:05,3.8
TOS03001241,2026-10-06T18:10,3.8
TOS03001241,2026-10-06T18:15,3.8
TOS03001241,2026-10-06T18:20,3.8
TOS03001241,2026-10-06T18:25,3.8
TOS03001241,2026-10-06T18:30,3.8
TOS03001241,2026-10-06T18:35,3.8
TOS03001241,2026-10-06T18:40,3.8
TOS03001241,2026-10-06T18:45,3.8
TOS03001241,2026-10-06T18:50,3.8
TOS03001241,2026-10-06T18:55,3.8
TOS03001241,2026-10-06T19:00,3.8
TOS03001241,2026-10-06T19:05,3.8
TOS03001241,2026-10-06T19:10,3.8
TOS03001241,2026-10-06T19:15,3.8
TOS03001241,2026-10-06T19:20,3.8
TOS03001241,2026-10-06T19:25,3.8
TOS03001241,2026-10-06T19:30,3.8
TOS03001241,2026-10-06T19:35,3.8
TOS03001241,2026-10-06T19:40,3.8
TOS03001241,2026-10-06T19:45,3.8
TOS03001241,2026-10-06T19:50,3.8
TOS03001241,2026-10-06T19:55,3.8
TOS03001241,2026-10-06T20:00,3.8
TOS03001241,2026-10-06T20:05,3.8
TOS03001241,2026-10-06T20:10,3.8
TOS03001241,2026-10-06T20:15,3.8
TOS03001241,2026-10-06T20:20,3.8
TOS03001241,2026-10-06T20:25,3.8
TOS03001241,2026-10-06T20:30,3.8
TOS03001241,2026-10-06T20:35,3.8
TOS03001241,2026-10-06T20:40,3.8
TOS03001241,2026-10-06T20:45,3.8
TOS03001241,2026-10-06T20:50,3.8
TOS03001241,2026-10-06T20:55,3.8
TOS03001241,2026-10-06T21:00,3.8
TOS03001241,2026-10-06T21:05,3.8
TOS03001241,2026-10-06T21:10,3.8
TOS03001241,2026-10-06T21:15,3.8
TOS03001241,2026-10-06T21:20,3.8
TOS03001241,2026-10-06T21:25,3.8
TOS03001241,2026-10-06T21:30,3.8
TOS03001241,2026-10-06T21:35,3.8
TOS03001241,2026-10-06T21:40,3.8
TOS03001241,2026-10-06T21:45,3.8
TOS03001241,2026-10-06T21:50,3.8
TOS03001241,2026-10-06T21:55,3.8
TOS03001241,2026-10-06T22:00,3.8
TOS03001241,2026-10-06T22:05,3.8
TOS03001241,2026-10-06T22:10,3.8
TOS03001241,2026-10-06T22:15,3.8
TOS03001241,2026-10-06T22:20,3.8
TOS03001241,2026-10-06T22:25,3.8
TOS03001241,2026-10-06T22:30,3.8
TOS03001241,2026-10-06T22:35,3.8
TOS03001241,2026-10-06T22:40,3.8
TOS03001241,2026-10-06T22:45,3.8
TOS03001241,2026-10-06T22:50,3.8
TOS03001241,2026-10-06T22:55,3.8
TOS03001241,2026-10-06T23:00,3.8
TOS03001241,2026-10-06T23:05,3.8
TOS03001241,2026-10-06T23:10,3.8
TOS03001241,2026-10-06T23:15,3.8
TOS03001241,2026-10-06T23:20,3.8
TOS03001241,2026-10-06T23:25,3.8
TOS03001241,2026-10-06T23:30,3.8
TOS03001241,2026-10-06T23:35,3.8
TOS03001241,2026-10-06T23:40,3.8
TOS03001241,2026-10-06T23:45,3.8
TOS03001241,2026-10-06T23:50,3.8
TOS03001241,2026-10-06T23:55,3.8
TOS09001130,2026-10-06T15:15,1.2
TOS09001130,2026-10-06T15:30,1.4
TOS09001130,2026-10-06T15:45,1.4
TOS09001130,2026-10-06T16:00,1.4
TOS09001130,2026-10-06T16:15,1.4
TOS09001130,2026-10-06T16:30,1.4
TOS09001130,2026-10-06T16:45,1.4
TOS09001130,2026-10-06T17:00,1.4
TOS09001130,2026-10-06T17:15,1.4
TOS09001130,2026-10-06T17:30,1.4
TOS09001130,2026-10-06T17:45,1.4
TOS09001130,2026-10-06T18:00,1.4
TOS09001130,2026-10-06T18:15,1.4
TOS09001130,2026-10-06T18:30,1.4
TOS09001130,2026-10-06T18:45,1.4
TOS09001130,2026-10-06T19:00,1.4
TOS09001130,2026-10-06T19:15,1.4
TOS09001130,2026-10-06T19:30,1.4
TOS09001130,2026-10-06T19:45,1.4
TOS09001130,2026-10-06T20:00,1.4
TOS09001130,2026-10-06T20:15,1.4
TOS09001130,2026-10-06T20:30,1.4
TOS09001130,2026-10-06T20:45,1.4
TOS09001130,2026-10-06T21:00,1.4
TOS09001130,2026-10-06T21:15,1.4
TOS09001130,2026-10-06T21:30,1.4
TOS09001130,2026-10-06T21:45,1.4
TOS09001130,2026-10-06T22:00,1.4
TOS09001130,2026-10-06T22:15,1.4
TOS09001130,2026-10-06T22:30,1.4
TOS09001130,2026-10-06T22:45,1.4
TOS09001130,2026-10-06T23:00,1.4
TOS09001130,2026-10-06T23:15,1.4
TOS09001130,2026-10-06T23:30,1.4
TOS09001130,2026-10-06T23:45,1.4
TOS09001143,2026-10-06T15:30,1.8
TOS09001143,2026-10-06T15:45,3.6
TOS09001143,2026-10-06T16:00,4.4
TOS09001143,2026-10-06T16:15,4.8
TOS09001143,2026-10-06T16:30,4.8
TOS09001143,2026-10-06T16:45,4.8
TOS09001143,2026-10-06T17:00,4.8
TOS09001143,2026-10-06T17:15,4.8
TOS09001143,2026-10-06T17:30,4.8
TOS09001143,2026-10-06T17:45,4.8
TOS09001143,2026-10-06T18:00,4.8
TOS09001143,2026-10-06T18:15,4.8
TOS09001143,2026-10-06T18:30,4.8
TOS09001143,2026-10-06T18:45,4.8
TOS09001143,2026-10-06T19:00,4.8
TOS09001143,2026-10-06T19:15,4.8
TOS09001143,2026-10-06T19:30,4.8
TOS09001143,2026-10-06T19:45,4.8
TOS09001143,2026-10-06T20:00,4.8
TOS09001143,2026-10-06T20:15,4.8
TOS09001143,2026-10-06T20:30,4.8
TOS09001143,2026-10-06T20:45,4.8
TOS09001143,2026-10-06T21:00,4.8
TOS09001143,2026-10-06T21:15,4.8
TOS09001143,2026-10-06T21:30,4.8
TOS09001143,2026-10-06T21:45,4.8
TOS09001143,2026-10-06T22:00,4.8
TOS09001143,2026-10-06T22:15,4.8
TOS09001143,2026-10-06T22:30,4.8
TOS09001143,2026-10-06T22:45,4.8
TOS09001143,2026-10-06T23:00,4.8
TOS09001143,2026-10-06T23:15,4.8
TOS09001143,2026-10-06T23:30,4.8
TOS09001143,2026-10-06T23:45,4.8
TOS09001160,2026-10-06T15:45,0.2
TOS09001160,2026-10-06T15:50,0.2
TOS09001160,2026-10-06T15:55,0.4
TOS09001160,2026-10-06T16:00,0.4
TOS09001160,2026-10-06T16:05,0.6
TOS09001160,2026-10-06T16:10,0.6
TOS09001160,2026-10-06T16:15,0.6
TOS09001160,2026-10-06T16:20,0.6
TOS09001160,2026-10-06T16:25,0.6
TOS09001160,2026-10-06T16:30,0.8
TOS09001160,2026-10-06T16:35,0.8
TOS09001160,2026-10-06T16:40,0.8
TOS09001160,2026-10-06T16:45,0.8
TOS09001160,2026-10-06T16:50,0.8
TOS09001160,2026-10-06T16:55,0.8
TOS09001160,2026-10-06T17:00,0.8
TOS09001160,2026-10-06T17:05,0.8
TOS09001160,2026-10-06T17:10,0.8
TOS09001160,2026-10-06T17:15,0.8
TOS09001160,2026-10-06T17:20,0.8
TOS09001160,2026-10-06T17:25,0.8
TOS09001160,2026-10-06T17:30,0.8
TOS09001160,2026-10-06T17:35,0.8
TOS09001160,2026-10-06T17:40,0.8
TOS09001160,2026-10-06T17:45,0.8
TOS09001160,2026-10-06T17:50,0.8
TOS09001160,2026-10-06T17:55,0.8
TOS09001160,2026-10-06T18:00,0.8
TOS09001160,2026-10-06T18:05,0.8
TOS09001160,2026-10-06T18:10,0.8
TOS09001160,2026-10-06T18:15,0.8
TOS09001160,2026-10-06T18:20,0.8
TOS09001160,2026-10-06T18:25,0.8
TOS09001160,2026-10-06T18:30,0.8
TOS09001160,2026-10-06T18:35,0.8
TOS09001160,2026-10-06T18:40,0.8
TOS09001160,2026-10-06T18:45,0.8
TOS09001160,2026-10-06T18:50,0.8
TOS09001160,2026-10-06T18:55,0.8
TOS09001160,2026-10-06T19:00,0.8
TOS09001160,2026-10-06T19:05,0.8
TOS09001160,2026-10-06T19:10,0.8
TOS09001160,2026-10-06T19:15,0.8
TOS09001160,2026-10-06T19:20,0.8
TOS09001160,2026-10-06T19:25,0.8
TOS09001160,2026-10-06T19:30,0.8
TOS09001160,2026-10-06T19:35,0.8
TOS09001160,2026-10-06T19:40,0.8
TOS09001160,2026-10-06T19:45,0.8
TOS09001160,2026-10-06T19:50,0.8
TOS09001160,2026-10-06T19:55,0.8
TOS09001160,2026-10-06T20:00,0.8
TOS09001160,2026-10-06T20:05,0.8
TOS09001160,2026-10-06T20:10,0.8
TOS09001160,2026-10-06T20:15,0.8
TOS09001160,2026-10-06T20:20,0.8
TOS09001160,2026-10-06T20:25,0.8
TOS09001160,2026-10-06T20:30,0.8
TOS09001160,2026-10-06T20:35,0.8
TOS09001160,2026-10-06T20:40,0.8
TOS09001160,2026-10-06T20:45,0.8
TOS09001160,2026-10-06T20:50,0.8
TOS09001160,2026-10-06T20:55,0.8
TOS09001160,2026-10-06T21:00,0.8
TOS09001160,2026-10-06T21:05,0.8
TOS09001160,2026-10-06T21:10,0.8
TOS09001160,2026-10-06T21:15,0.8
TOS09001160,2026-10-06T21:20,0.8
TOS09001160,2026-10-06T21:25,0.8
TOS09001160,2026-10-06T21:30,0.8
TOS09001160,2026-10-06T21:35,0.8
TOS09001160,2026-10-06T21:40,0.8
TOS09001160,2026-10-06T21:45,0.8
TOS09001160,2026-10-06T21:50,0.8
TOS09001160,2026-10-06T21:55,0.8
TOS09001160,2026-10-06T22:00,0.8
TOS09001160,2026-10-06T22:05,0.8
TOS09001160,2026-10-06T22:10,0.8
TOS09001160,2026-10-06T22:15,0.8
TOS09001160,2026-10-06T22:20,0.8
TOS09001160,2026-10-06T22:25,0.8
TOS09001160,2026-10-06T22:30,0.8
TOS09001160,2026-10-06T22:35,0.8
TOS09001160,2026-10-06T22:40,0.8
TOS09001160,2026-10-06T22:45,0.8
TOS09001160,2026-10-06T22:50,0.8
TOS09001160,2026-10-06T22:55,0.8
TOS09001160,2026-10-06T23:00,0.8
TOS09001160,2026-10-06T23:05,0.8
TOS09001160,2026-10-06T23:10,0.8
TOS09001160,2026-10-06T23:15,0.8
TOS09001160,2026-10-06T23:20,0.8
TOS09001160,2026-10-06T23:25,0.8
TOS09001160,2026-10-06T23:30,0.8
TOS09001160,2026-10-06T23:35,0.8
TOS09001160,2026-10-06T23:40,0.8
TOS09001160,2026-10-06T23:45,0.8
TOS09001160,2026-10-06T23:50,0.8
TOS09001160,2026-10-06T23:55,0.8
TOS09001180,2026-10-06T15:15,1.8
TOS09001180,2026-10-06T15:30,4.2
TOS09001180,2026-10-06T15:45,4.6
TOS09001180,2026-10-06T16:00,5.4
TOS09001180,2026-10-06T16:15,6.8
TOS09001180,2026-10-06T16:30,6.8
TOS09001180,2026-10-06T16:45,6.8
TOS09001180,2026-10-06T17:00,6.8
TOS09001180,2026-10-06T17:15,6.8
TOS09001180,2026-10-06T17:30,6.8
TOS09001180,2026-10-06T17:45,6.8
TOS09001180,2026-10-06T18:00,6.8
TOS09001180,2026-10-06T18:15,6.8
TOS09001180,2026-10-06T18:30,6.8
TOS09001180,2026-10-06T18:45,6.8
TOS09001180,2026-10-06T19:00,6.8
TOS09001180,2026-10-06T19:15,6.8
TOS09001180,2026-10-06T19:30,6.8
TOS09001180,2026-10-06T19:45,6.8
TOS09001180,2026-10-06T20:00,6.8
TOS09001180,2026-10-06T20:15,6.8
TOS09001180,2026-10-06T20:30,6.8
TOS09001180,2026-10-06T20:45,6.8
TOS09001180,2026-10-06T21:00,6.8
TOS09001180,2026-10-06T21:15,6.8
TOS09001180,2026-10-06T21:30,6.8
TOS09001180,2026-10-06T21:45,6.8
TOS09001180,2026-10-06T22:00,6.8
TOS09001180,2026-10-06T22:15,6.8
TOS09001180,2026-10-06T22:30,6.8
TOS09001180,2026-10-06T22:45,6.8
TOS09001180,2026-10-06T23:00,6.8
TOS09001180,2026-10-06T23:15,6.8
TOS09001180,2026-10-06T23:30,6.8
TOS09001180,2026-10-06T23:45,6.8
TOS09001210,2026-10-06T16:00,0.4
TOS09001210,2026-10-06T16:15,2.8
TOS09001210,2026-10-06T16:30,3.6
TOS09001210,2026-10-06T16:45,3.8
TOS09001210,2026-10-06T17:00,3.8
TOS09001210,2026-10-06T17:15,3.8
TOS09001210,2026-10-06T17:30,3.8
TOS09001210,2026-10-06T17:45,3.8
TOS09001210,2026-10-06T18:00,4.0
TOS09001210,2026-10-06T18:15,4.0
TOS09001210,2026-10-06T18:30,4.0
TOS09001210,2026-10-06T18:45,4.0
TOS09001210,2026-10-06T19:00,4.0
TOS09001210,2026-10-06T19:15,4.0
TOS09001210,2026-10-06T19:30,4.0
TOS09001210,2026-10-06T19:45,4.0
TOS09001210,2026-10-06T20:00,4.0
TOS09001210,2026-10-06T20:15,4.0
TOS09001210,2026-10-06T20:30,4.0
TOS09001210,2026-10-06T20:45,4.0
TOS09001210,2026-10-06T21:00,4.0
TOS09001210,2026-10-06T21:15,4.0
TOS09001210,2026-10-06T21:30,4.0
TOS09001210,2026-10-06T21:45,4.0
TOS09001210,2026-10-06T22:00,4.0
TOS09001210,2026-10-06T22:15,4.0
TOS09001210,2026-10-06T22:30,4.0
TOS09001210,2026-10-06T22:45,4.0
TOS09001210,2026-10-06T23:00,4.0
TOS09001210,2026-10-06T23:15,4.0
TOS09001210,2026-10-06T23:30,4.0
TOS09001210,2026-10-06T23:45,4.0
TOS11000034,2026-10-06T16:15,0.2
TOS11000034,2026-10-06T16:30,0.2
TOS11000034,2026-10-06T16:45,0.2
TOS11000034,2026-10-06T17:00,0.2
TOS11000034,2026-10-06T17:15,0.2
TOS11000034,2026-10-06T17:30,0.2
TOS11000034,2026-10-06T17:45,0.2
TOS11000034,2026-10-06T18:00,0.2
TOS11000034,2026-10-06T18:15,0.2
TOS11000034,2026-10-06T18:30,0.2
TOS11000034,2026-10-06T18:45,0.2
TOS11000034,2026-10-06T19:00,0.2
TOS11000034,2026-10-06T19:15,0.2
TOS11000034,2026-10-06T19:30,0.2
TOS11000034,2026-10-06T19:45,0.2
TOS11000034,2026-10-06T20:00,0.2
TOS11000034,2026-10-06T20:15,0.2
TOS11000034,2026-10-06T20:30,0.2
TOS11000034,2026-10-06T20:45,0.2
TOS11000034,2026-10-06T21:00,0.2
TOS11000034,2026-10-06T21:15,0.2
TOS11000034,2026-10-06T21:30,0.2
TOS11000034,2026-10-06T21:45,0.2
TOS11000034,2026-10-06T22:00,0.2
TOS11000034,2026-10-06T22:15,0.2
TOS11000034,2026-10-06T22:30,0.2
TOS11000034,2026-10-06T22:45,0.2
TOS11000034,2026-10-06T23:00,0.2
TOS11000034,2026-10-06T23:15,0.2
TOS11000034,2026-10-06T23:30,0.2
TOS11000034,2026-10-06T23:45,0.2
TOS11000096,2026-10-06T15:00,0.2
TOS11000096,2026-10-06T15:15,0.2
TOS11000096,2026-10-06T15:30,0.2
TOS11000096,2026-10-06T15:45,0.2
TOS11000096,2026-10-06T16:00,0.2
TOS11000096,2026-10-06T16:15,0.2
TOS11000096,2026-10-06T16:30,0.2
TOS11000096,2026-10-06T16:45,0.2
TOS11000096,2026-10-06T17:00,0.2
TOS11000096,2026-10-06T17:15,0.2
TOS11000096,2026-10-06T17:30,0.2
TOS11000096,2026-10-06T17:45,0.2
TOS11000096,2026-10-06T18:00,0.2
TOS11000096,2026-10-06T18:15,0.2
TOS11000096,2026-10-06T18:30,0.2
TOS11000096,2026-10-06T18:45,0.2
TOS11000096,2026-10-06T19:00,0.2
TOS11000096,2026-10-06T19:15,0.2
TOS11000096,2026-10-06T19:30,0.2
TOS11000096,2026-10-06T19:45,0.2
TOS11000096,2026-10-06T20:00,0.2
TOS11000096,2026-10-06T20:15,0.2
TOS11000096,2026-10-06T20:30,0.2
TOS11000096,2026-10-06T20:45,0.2
TOS11000096,2026-10-06T21:00,0.2
TOS11000096,2026-10-06T21:15,0.2
TOS11000096,2026-10-06T21:30,0.2
TOS11000096,2026-10-06T21:45,0.2
TOS11000096,2026-10-06T22:00,0.2
TOS11000096,2026-10-06T22:15,0.2
TOS11000096,2026-10-06T22:30,0.2
TOS11000096,2026-10-06T22:45,0.2
TOS11000096,2026-10-06T23:00,0.2
TOS11000096,2026-10-06T23:15,0.2
TOS11000096,2026-10-06T23:30,0.2
TOS11000096,2026-10-06T23:45,0.2
TOS11000106,2026-10-06T14:45,1.0
TOS11000106,2026-10-06T15:00,2.0
TOS11000106,2026-10-06T15:15,2.2
TOS11000106,2026-10-06T15:30,2.6
TOS11000106,2026-10-06T15:45,3.0
TOS11000106,2026-10-06T16:00,3.2
TOS11000106,2026-10-06T16:15,3.4
TOS11000106,2026-10-06T16:30,3.4
TOS11000106,2026-10-06T16:45,3.4
TOS11000106,2026-10-06T17:00,3.4
TOS11000106,2026-10-06T17:15,3.6
TOS11000106,2026-10-06T17:30,3.6
TOS11000106,2026-10-06T17:45,3.6
TOS11000106,2026-10-06T18:00,3.6
TOS11000106,2026-10-06T18:15,3.6
TOS11000106,2026-10-06T18:30,3.6
TOS11000106,2026-10-06T18:45,3.6
TOS11000106,2026-10-06T19:00,3.6
TOS11000106,2026-10-06T19:15,3.6
TOS11000106,2026-10-06T19:30,3.6
TOS11000106,2026-10-06T19:45,3.6
TOS11000106,2026-10-06T20:00,3.6
TOS11000106,2026-10-06T20:15,3.6
TOS11000106,2026-10-06T20:30,3.6
TOS11000106,2026-10-06T20:45,3.6
TOS11000106,2026-10-06T21:00,3.6
TOS11000106,2026-10-06T21:15,3.6
TOS11000106,2026-10-06T21:30,3.6
TOS11000106,2026-10-06T21:45,3.6
TOS11000106,2026-10-06T22:00,3.6
TOS11000106,2026-10-06T22:15,3.6
TOS11000106,2026-10-06T22:30,3.6
TOS11000106,2026-10-06T22:45,3.6
TOS11000106,2026-10-06T23:00,3.6
TOS11000106,2026-10-06T23:15,3.6
TOS11000106,2026-10-06T23:30,3.6
TOS11000106,2026-10-06T23:45,3.6
TOS30150800,2026-10-06T14:40,0.2
TOS30150800,2026-10-06T14:45,4.2
TOS30150800,2026-10-06T14:50,7.3
TOS30150800,2026-10-06T14:55,8.3
TOS30150800,2026-10-06T15:00,9.1
TOS30150800,2026-10-06T15:05,10.5
TOS30150800,2026-10-06T15:10,11.1
TOS30150800,2026-10-06T15:15,11.3
TOS30150800,2026-10-06T15:20,11.5
TOS30150800,2026-10-06T15:25,11.9
TOS30150800,2026-10-06T15:30,12.1
TOS30150800,2026-10-06T15:35,12.1
TOS30150800,2026-10-06T15:40,12.1
TOS30150800,2026-10-06T15:45,12.1
TOS30150800,2026-10-06T15:50,12.1
TOS30150800,2026-10-06T15:55,12.1
TOS30150800,2026-10-06T16:00,12.1
TOS30150800,2026-10-06T16:05,12.1
TOS30150800,2026-10-06T16:10,12.1
TOS30150800,2026-10-06T16:15,12.1
TOS30150800,2026-10-06T16:20,12.1
TOS30150800,2026-10-06T16:25,12.1
TOS30150800,2026-10-06T16:30,12.1
TOS30150800,2026-10-06T16:35,12.1
TOS30150800,2026-10-06T16:40,12.1
TOS30150800,2026-10-06T16:45,12.1
TOS30150800,2026-10-06T16:50,12.1
TOS30150800,2026-10-06T16:55,12.1
TOS30150800,2026-10-06T17:00,12.1
TOS30150800,2026-10-06T17:05,12.1
TOS30150800,2026-10-06T17:10,12.1
TOS30150800,2026-10-06T17:15,12.1
TOS30150800,2026-10-06T17:20,12.1
TOS30150800,2026-10-06T17:25,12.1
TOS30150800,2026-10-06T17:30,12.1
TOS30150800,2026-10-06T17:35,12.1
TOS30150800,2026-10-06T17:40,12.1
TOS30150800,2026-10-06T17:45,12.1
TOS30150800,2026-10-06T17:50,12.1
TOS30150800,2026-10-06T17:55,12.1
TOS30150800,2026-10-06T18:00,12.1
TOS30150800,2026-10-06T18:05,12.1
TOS30150800,2026-10-06T18:10,12.1
TOS30150800,2026-10-06T18:15,12.1
TOS30150800,2026-10-06T18:20,12.1
TOS30150800,2026-10-06T18:25,12.1
TOS30150800,2026-10-06T18:30,12.1
TOS30150800,2026-10-06T18:35,12.1
TOS30150800,2026-10-06T18:40,12.1
TOS30150800,2026-10-06T18:45,12.1
TOS30150800,2026-10-06T18:50,12.1
TOS30150800,2026-10-06T18:55,12.1
TOS30150800,2026-10-06T19:00,12.1
TOS30150800,2026-10-06T19:05,12.1
TOS30150800,2026-10-06T19:10,12.1
TOS30150800,2026-10-06T19:15,12.1
TOS30150800,2026-10-06T19:20,12.1
TOS30150800,2026-10-06T19:25,12.1
TOS30150800,2026-10-06T19:30,12.1
TOS30150800,2026-10-06T19:35,12.1
TOS30150800,2026-10-06T19:40,12.1
TOS30150800,2026-10-06T19:45,12.1
TOS30150800,2026-10-06T19:50,12.1
TOS30150800,2026-10-06T19:55,12.1
TOS30150800,2026-10-06T20:00,12.1
TOS30150800,2026-10-06T20:05,12.1
TOS30150800,2026-10-06T20:10,12.1
TOS30150800,2026-10-06T20:15,12.1
TOS30150800,2026-10-06T20:20,12.1
TOS30150800,2026-10-06T20:25,12.1
TOS30150800,2026-10-06T20:30,12.1
TOS30150800,2026-10-06T20:35,12.1
TOS30150800,2026-10-06T20:40,12.1
TOS30150800,2026-10-06T20:45,12.1
TOS30150800,2026-10-06T20:50,12.1
TOS30150800,2026-10-06T20:55,12.1
TOS30150800,2026-10-06T21:00,12.1
TOS30150800,2026-10-06T21:05,12.1
TOS30150800,2026-10-06T21:10,12.1
TOS30150800,2026-10-06T21:15,12.1
TOS30150800,2026-10-06T21:20,12.1
TOS30150800,2026-10-06T21:25,12.1
TOS30150800,2026-10-06T21:30,12.1
TOS30150800,2026-10-06T21:35,12.1
TOS30150800,2026-10-06T21:40,12.1
TOS30150800,2026-10-06T21:45,12.1
TOS30150800,2026-10-06T21:50,12.1
TOS30150800,2026-10-06T21:55,12.1
TOS30150800,2026-10-06T22:00,12.1
TOS30150800,2026-10-06T22:05,12.1
TOS30150800,2026-10-06T22:10,12.1
TOS30150800,2026-10-06T22:15,12.1
TOS30150800,2026-10-06T22:20,12.1
TOS30150800,2026-10-06T22:25,12.1
TOS30150800,2026-10-06T22:30,12.1
TOS30150800,2026-10-06T22:35,12.1
TOS30150800,2026-10-06T22:40,12.1
TOS30150800,2026-10-06T22:45,12.1
TOS30150800,2026-10-06T22:50,12.1
TOS30150800,2026-10-06T22:55,12.1
TOS30150800,2026-10-06T23:00,12.1
TOS30150800,2026-10-06T23:05,12.1
TOS30150800,2026-10-06T23:10,12.1
TOS30150800,2026-10-06T23:15,12.1
TOS30150800,2026-10-06T23:20,12.1
TOS30150800,2026-10-06T23:25,12.1
TOS30150800,2026-10-06T23:30,12.1
TOS30150800,2026-10-06T23:35,12.1
TOS30150800,2026-10-06T23:40,12.1
TOS30150800,2026-10-06T23:45,12.1
TOS30150800,2026-10-06T23:50,12.1
TOS30150800,2026-10-06T23:55,12.1
TOS30290700,2026-10-06T15:25,0.2
TOS30290700,2026-10-06T15:30,0.4
TOS30290700,2026-10-06T15:35,1.6
TOS30290700,2026-10-06T15:40,2.6
TOS30290700,2026-10-06T15:45,3.0
TOS30290700,2026-10-06T15:50,3.4
TOS30290700,2026-10-06T15:55,3.8
TOS30290700,2026-10-06T16:00,4.4
TOS30290700,2026-10-06T16:05,4.6
TOS30290700,2026-10-06T16:10,4.6
TOS30290700,2026-10-06T16:15,4.6
TOS30290700,2026-10-06T16:20,4.6
TOS30290700,2026-10-06T16:25,4.6
TOS30290700,2026-10-06T16:30,4.6
TOS30290700,2026-10-06T16:35,4.6
TOS30290700,2026-10-06T16:40,4.6
TOS30290700,2026-10-06T16:45,4.6
TOS30290700,2026-10-06T16:50,4.6
TOS30290700,2026-10-06T16:55,4.6
TOS30290700,2026-10-06T17:00,4.6
TOS30290700,2026-10-06T17:05,4.6
TOS30290700,2026-10-06T17:10,4.6
TOS30290700,2026-10-06T17:15,4.6
TOS30290700,2026-10-06T17:20,4.6
TOS30290700,2026-10-06T17:25,4.6
TOS30290700,2026-10-06T17:30,4.6
TOS30290700,2026-10-06T17:35,4.6
TOS30290700,2026-10-06T17:40,4.6
TOS30290700,2026-10-06T17:45,4.6
TOS30290700,2026-10-06T17:50,4.6
TOS30290700,2026-10-06T17:55,4.6
TOS30290700,2026-10-06T18:00,4.6
TOS30290700,2026-10-06T18:05,4.6
TOS30290700,2026-10-06T18:10,4.6
TOS30290700,2026-10-06T18:15,4.6
TOS30290700,2026-10-06T18:20,4.6
TOS30290700,2026-10-06T18:25,4.6
TOS30290700,2026-10-06T18:30,4.6
TOS30290700,2026-10-06T18:35,4.6
TOS30290700,2026-10-06T18:40,4.6
TOS30290700,2026-10-06T18:45,4.6
TOS30290700,2026-10-06T18:50,4.6
TOS30290700,2026-10-06T18:55,4.6
TOS30290700,2026-10-06T19:00,4.6
TOS30290700,2026-10-06T19:05,4.6
TOS30290700,2026-10-06T19:10,4.6
TOS30290700,2026-10-06T19:15,4.6
TOS30290700,2026-10-06T19:20,4.6
TOS30290700,2026-10-06T19:25,4.6
TOS30290700,2026-10-06T19:30,4.6
TOS30290700,2026-10-06T19:35,4.6
TOS30290700,2026-10-06T19:40,4.6
TOS30290700,2026-10-06T19:45,4.6
TOS30290700,2026-10-06T19:50,4.6
TOS30290700,2026-10-06T19:55,4.6
TOS30290700,2026-10-06T20:00,4.6
TOS30290700,2026-10-06T20:05,4.6
TOS30290700,2026-10-06T20:10,4.6
TOS30290700,2026-10-06T20:15,4.6
TOS30290700,2026-10-06T20:20,4.6
TOS30290700,2026-10-06T20:25,4.6
TOS30290700,2026-10-06T20:30,4.6
TOS30290700,2026-10-06T20:35,4.6
TOS30290700,2026-10-06T20:40,4.6
TOS30290700,2026-10-06T20:45,4.6
TOS30290700,2026-10-06T20:50,4.6
TOS30290700,2026-10-06T20:55,4.6
TOS30290700,2026-10-06T21:00,4.6
TOS30290700,2026-10-06T21:05,4.6
TOS30290700,2026-10-06T21:10,4.6
TOS30290700,2026-10-06T21:15,4.6
TOS30290700,2026-10-06T21:20,4.6
TOS30290700,2026-10-06T21:25,4.6
TOS30290700,2026-10-06T21:30,4.6
TOS30290700,2026-10-06T21:35,4.6
TOS30290700,2026-10-06T21:40,4.6
TOS30290700,2026-10-06T21:45,4.6
TOS30290700,2026-10-06T21:50,4.6
TOS30290700,2026-10-06T21:55,4.6
TOS30290700,2026-10-06T22:00,4.6
TOS30290700,2026-10-06T22:05,4.6
TOS30290700,2026-10-06T22:10,4.6
TOS30290700,2026-10-06T22:15,4.6
TOS30290700,2026-10-06T22:20,4.6
TOS30290700,2026-10-06T22:25,4.6
TOS30290700,2026-10-06T22:30,4.6
TOS30290700,2026-10-06T22:35,4.6
TOS30290700,2026-10-06T22:40,4.6
TOS30290700,2026-10-06T22:45,4.6
TOS30290700,2026-10-06T22:50,4.6
TOS30290700,2026-10-06T22:55,4.6
TOS30290700,2026-10-06T23:00,4.6
TOS30290700,2026-10-06T23:05,4.6
TOS30290700,2026-10-06T23:10,4.6
TOS30290700,2026-10-06T23:15,4.6
TOS30290700,2026-10-06T23:20,4.6
TOS30290700,2026-10-06T23:25,4.6
TOS30290700,2026-10-06T23:30,4.6
TOS30290700,2026-10-06T23:35,4.6
TOS30290700,2026-10-06T23:40,4.6
TOS30290700,2026-10-06T23:45,4.6
TOS30290700,2026-10-06T23:50,4.6
TOS30290700,2026-10-06T23:55,4.6
TOS30355400,2026-10-06T14:50,0.2
TOS30355400,2026-10-06T14:55,0.4
TOS30355400,2026-10-06T15:00,0.4
TOS30355400,2026-10-06T15:05,0.6
TOS30355400,2026-10-06T15:10,0.6
TOS30355400,2026-10-06T15:15,0.6
TOS30355400,2026-10-06T15:20,0.8
TOS30355400,2026-10-06T15:25,1.0
TOS30355400,2026-10-06T15:30,1.0
TOS30355400,2026-10-06T15:35,1.0
TOS30355400,2026-10-06T15:40,1.2
TOS30355400,2026-10-06T15:45,1.2
TOS30355400,2026-10-06T15:50,1.2
TOS30355400,2026-10-06T15:55,1.4
TOS30355400,2026-10-06T16:00,1.4
TOS30355400,2026-10-06T16:05,1.4
TOS30355400,2026-10-06T16:10,1.4
TOS30355400,2026-10-06T16:15,1.4
TOS30355400,2026-10-06T16:20,1.4
TOS30355400,2026-10-06T16:25,1.4
TOS30355400,2026-10-06T16:30,1.4
TOS30355400,2026-10-06T16:35,1.4
TOS30355400,2026-10-06T16:40,1.4
TOS30355400,2026-10-06T16:45,1.4
TOS30355400,2026-10-06T16:50,1.4
TOS30355400,2026-10-06T16:55,1.4
TOS30355400,2026-10-06T17:00,1.4
TOS30355400,2026-10-06T17:05,1.4
TOS30355400,2026-10-06T17:10,1.6
TOS30355400,2026-10-06T17:15,1.6
TOS30355400,2026-10-06T17:20,1.6
TOS30355400,2026-10-06T17:25,1.6
TOS30355400,2026-10-06T17:30,1.6
TOS30355400,2026-10-06T17:35,1.6
TOS30355400,2026-10-06T17:40,1.6
TOS30355400,2026-10-06T17:45,1.6
TOS30355400,2026-10-06T17:50,1.6
TOS30355400,2026-10-06T17:55,1.6
TOS30355400,2026-10-06T18:00,1.6
TOS30355400,2026-10-06T18:05,1.6
TOS30355400,2026-10-06T18:10,1.6
TOS30355400,2026-10-06T18:15,1.6
TOS30355400,2026-10-06T18:20,1.6
TOS30355400,2026-10-06T18:25,1.6
TOS30355400,2026-10-06T18:30,1.6
TOS30355400,2026-10-06T18:35,1.6
TOS30355400,2026-10-06T18:40,1.6
TOS30355400,2026-10-06T18:45,1.6
TOS30355400,2026-10-06T18:50,1.6
TOS30355400,2026-10-06T18:55,1.6
TOS30355400,2026-10-06T19:00,1.6
TOS30355400,2026-10-06T19:05,1.6
TOS30355400,2026-10-06T19:10,1.6
TOS30355400,2026-10-06T19:15,1.6
TOS30355400,2026-10-06T19:20,1.6
TOS30355400,2026-10-06T19:25,1.6
TOS30355400,2026-10-06T19:30,1.6
TOS30355400,2026-10-06T19:35,1.6
TOS30355400,2026-10-06T19:40,1.6
TOS30355400,2026-10-06T19:45,1.6
TOS30355400,2026-10-06T19:50,1.6
TOS30355400,2026-10-06T19:55,1.6
TOS30355400,2026-10-06T20:00,1.6
TOS30355400,2026-10-06T20:05,1.6
TOS30355400,2026-10-06T20:10,1.6
TOS30355400,2026-10-06T20:15,1.6
TOS30355400,2026-10-06T20:20,1.6
TOS30355400,2026-10-06T20:25,1.6
TOS30355400,2026-10-06T20:30,1.6
TOS30355400,2026-10-06T20:35,1.6
TOS30355400,2026-10-06T20:40,1.6
TOS30355400,2026-10-06T20:45,1.6
TOS30355400,2026-10-06T20:50,1.6
TOS30355400,2026-10-06T20:55,1.6
TOS30355400,2026-10-06T21:00,1.6
TOS30355400,2026-10-06T21:05,1.6
TOS30355400,2026-10-06T21:10,1.6
TOS30355400,2026-10-06T21:15,1.6
TOS30355400,2026-10-06T21:20,1.6
TOS30355400,2026-10-06T21:25,1.6
TOS30355400,2026-10-06T21:30,1.6
TOS30355400,2026-10-06T21:35,1.6
TOS30355400,2026-10-06T21:40,1.6
TOS30355400,2026-10-06T21:45,1.6
TOS30355400,2026-10-06T21:50,1.6
TOS30355400,2026-10-06T21:55,1.6
TOS30355400,2026-10-06T22:00,1.6
TOS30355400,2026-10-06T22:05,1.6
TOS30355400,2026-10-06T22:10,1.6
TOS30355400,2026-10-06T22:15,1.6
TOS30355400,2026-10-06T22:20,1.6
TOS30355400,2026-10-06T22:25,1.6
TOS30355400,2026-10-06T22:30,1.6
TOS30355400,2026-10-06T22:35,1.6
TOS30355400,2026-10-06T22:40,1.6
TOS30355400,2026-10-06T22:45,1.6
TOS30355400,2026-10-06T22:50,1.6
TOS30355400,2026-10-06T22:55,1.6
TOS30355400,2026-10-06T23:00,1.6
TOS30355400,2026-10-06T23:05,1.6
TOS30355400,2026-10-06T23:10,1.6
TOS30355400,2026-10-06T23:15,1.6
TOS30355400,2026-10-06T23:20,1.6
TOS30355400,2026-10-06T23:25,1.6
TOS30355400,2026-10-06T23:30,1.6
TOS30355400,2026-10-06T23:35,1.6
TOS30355400,2026-10-06T23:40,1.6
TOS30355400,2026-10-06T23:45,1.6
TOS30355400,2026-10-06T23:50,1.6
TOS30355400,2026-10-06T23:55,1.6
